Tax Year,Date Filed,Parcel Number,Nickname ,Use of Property,Basis for Petition ,Method of Valuation,Petition Completed by: ,Full Cash Value (FCV) By owner,Limited Property Value (LPV) by owner,FCV by Notice,LPV by Notice,Assessor's Decision (FCV),Assessor's Decision (LPV),Basis for Decision,Reviewed by:,Outcome (i.e. Granted in Full / Granted in Part / No Change),Details of Outcome,FCV %,LPV %,outcome_FCV,outcome_LPV
Not listed,3/15/1977,105-20-004,MORGAN,N/A,"This improvement was a lovely house at one time, adobe plastered. A reduction was granted in 1977 to $20,000. There is no insulation in the attic, it was rented last to a group of ""Truck Brokers"" who played dart games with the interior walls. Doors have been pulled off hinges, some without knobs, the sceptice tank cannot handle the load. During the past year it was rented off and on for an average of between $100 and $150 per month. Fire insurance was cancelled by the insurance company for apparently the same reasons listed above. We invite your inspection and verification of this statement. Thank you for your review. ",N/A,"Morgan, Matha Rooks Et al",15000,,23545,,20000,,N/A,N/A,Granted in Part,Very limited reduction of 15% for both FCV and no change on LPV,15,0,Granted in Part,Granted in Part
Not listed,3/15/1978,105-22-023,DRIVE INN,N/A,WE did not make any improvements. As a matter of fact the buildings &  equipment are in worse condition now. ,Improvements ,Stabropulos Tifon - Panosopoulos Atanasio,17000,36220,17000,69891,,50320,Flooding problems,N/A,Granted in part,Half-Way in between request and outcome (28% change on FCV),28,,Granted in Part,Granted in Part
Not listed,1/19/1979,105-22-023,DRIVE INN,Income Producing,"The buildings are in poor condition. This property is used as a drive in theater and floods when it rains. Due to the poor condition, the drive-in lease has not been renewed. ",Improvements ,Atanasio  Panosopoulos,37000,17000,84168,17000,47000,17000,"Almost complete economic obsolescence ""300"" income form not filed",N/A,Granted in part,Very close to Granted in Full; (45% reduced on FCV),45,,Granted in Part,Granted in Part
Not listed,2/3/1979,105-20-004,MORGAN,N/A,"This improvement at one time was a lovely home, adobe plastered over. It has been rented to a succession of tenants who have torn out doors, played dart games on the walls. There is no insulation in the roof and the fire insurance carrier has cancelled the fire insurance claiming the building is unsafe. We invite your inspection and review of this property and we feel certain you will agree that the valuation placed on it is too high. Thank you. ",N/A,"Morgan, Matha Rooks Et al",15000,,27107,,18000,,N/A,N/A,Granted in Part,Very close to Granted in Full; (34% reduced on FCV / no change on LPV),34,0,Granted in Part,Granted in Part
Not listed,2/12/1980,102-01-035,1967 N. Grand ,Income Producing,Assessor has not informed taxpayer of 1982 values. Assesor has not responded to tazpayers request for 1982 values. ,Market,John Muff,178371,52000,187176,139738,187176,139738,"This parcel involves the parking area in the shopping center. The parcel that involves the K-MART building is 102-00-003 IPR, the value of which is $560,376. Notification of values has gone to the Jaren Corp in Scottsdale, AZ.",N/A,No change,,0,0,No Change,No Change
Not listed,2/12/1980,105-22-023,DRIVE INN,Income Producing,Under the terms of the lease the operator pays the taxes. Since both the owner and operator loose money as the situation is now increasing the taxes by 100% will only asure that Nogales will be left without a movie theater. ,Improvements ,Stabropulos Tifon,47000,30000,91192,74192,,30000,N/A,N/A,Granted in full ,improvements were granted fully (60%),60,,Granted in Full,Granted in Full
Not listed,5/7/1980,105-20-004,MORGAN,N/A,"The dwelling is not worth the new evaluation because it is over 60 years old, is completely obsolete and has deteriorated badly. It has had nothing done to it except bare maintenance for 30 years. ",N/A,Martha Rooks Morgan & Shirley Rooks Nunziato,29793,,49695,,40426,,R-4 minimum,N/A,Granted in Part,Half-Way in between request and outcome (19% reducted on FCV and no change on LPV),19,0,Granted in Part,Granted in Part
Not listed,2/12/1981,105-22-023,DRIVE INN,Income Producing,"This property was leased to a Phoenix company, as a drive in theater. They have been loosing money for the last 3 years finally during 1980 they abandoned the property after they pretty much destroyed everything. It does not seem that it will ever operate as a theater. Plans are made to level the building off. your personal inspection would be appreciated. No reason for increase since complete loss of income. ",N/A,Stabropulos Tifon,52000,35000,135837,118837,129288,112288,N/A,N/A,Granted in part,Very limited reduction of 5% on FCV ,5,,Granted in Part,Granted in Part
Not listed,2/25/1981,114-50-012,RIO RICO PLAZA ,Land & Home Sales,"The shopping center has been increased $172,203 over the 1980 full cash value. Avatar (GAC) has a total book value of only $878,972 on the shopping center of $129,553 less than the New 1981 assessment of $1,018,525. Note: I (Avatar) did not receive a ""notice of valuation"" card for the shopping center - got information VIA telephone",N/A,GAC Properties Credit Inc. ,878972,843644,1018525,930800,1018525,930800,The property was updated by dept of revenue using the new construction cost. ,N/A,No change,,0,0,No Change,No Change
Not listed,2/14/1983,105-22-023,DRIVE INN,N/A,Valuation should be lowered and not raised. Last year the only drive-in theater in Nogales was closed because of ever increasing taxation. Now only the little building plus one acre of lamd is used while the remaining 90% of land is vacant. Please compare it to adjacent vacant land. ,Full Cash Value / Limited Value / Legal Classification,Atanasio  Panosopoulos - Trifon Stabropulos,75000,30000,196549,96055,72593,56493,Improvement recalculated and removed a class 251 and added a class 50 for a new Full Cash Value ,N/A,Granted in part,Fully Granted FCV (63%) and 41% reduction on LPV,63,41,Granted in Part,Granted in Part
Not listed,2/28/1983,114-50-012,VETERANS/SEPT'04,Income Producing / Vacant Land / Agricultural /Ranch,"The petitioner is submitting this petition to protest the 1983 proposed ""full/limited cash value and classification"" (hereinafter called ""value"") set by sant cruz county. The value is an amount greater than the price for which the parcel applicable to this petition can be reasonably marketed and sold. Thus the value is in excess of the fair and just market value. Based upon the status, classification, character and use of the parcels the value is unfair, arbituary and against appropriate law. ",N/A,Great Western Bank and Trust Co. ,600000,,1156331,,839931,839931,"Improvements recalculated, changed adds on improvement #1 and changed sq. feet on improvement #3, land lowered to $55,318 for a full cash value of $1,119,908. 25% economic obsolescence allowed for this year only. ",N/A,Granted in part ,Half-Way in between request and outcome (27% on FCV and no change on LPV),27,0,Granted in Part,Granted in Part
Not listed,3/1/1983,105-20-004,MORGAN,Residential/Agricultural,"The land is used for purely agricultural purposes. The lessee Miguel Morales, has filed an affidavit of agricultural land lease to support this usage. The buildings have minimal value. The barn (has deteriorated to just about salvage value and this can be seen by looking at the walls that have tumbled down. The house has had minimal maintenance since 1950 and a number of different lessee's have left it delapidated so it have decreased in value. Your review of this assessment will be appreciated. An affidavit of Agricultural land lease is attached. ",N/A,Martha R. Morgan Et Al,51280,37038,76258,46843,61244,,"Land valued at $38,918 with 50% topographical allowance for a value of $19,459. Improvements (all at minimum grade and below average condition) for a value of $41,785. Grazing lease not applicable due to acreage limitation - need enough land to graze 40 head of cattle",N/A,Granted in Part,Half-Way in between request and outcome (20% reducted on FCV and no change on LPV),20,0,Granted in Part,Granted in Part
Not listed,2/18/1984,105-22-023,DRIVE INN,Commercial ,"This property is well under the ""Flood Plane"" and several times this past year was under water. The tennants have been constantly complaining and not paying the rent. No increase is justified after you check the property. A decrease in valuation will result. Of the 9 acres only 1 1/2 acre is rented. The rest is vacant land mostly under water. ",Full Cash Value / Limited Value,Atanasio  Panosopoulos - Trifon Stabropulos,63481,49403,85076,58321,70210,54605,"Adjusted land value to 40,320. 20% economic obsolescence allowed for this year only ",N/A,Granted in part,Half-Way in between request and outcome (17% on FCV and 6% on LPV),17,6,Granted in Part,Granted in Part
Not listed,2/20/1984,102-01-038,LAS PALMAS,Manufacturing facility,"The amount ($1,200,000) represents the selling price for the land and building. In our best estimate based on market conditions, this is the amount that could be obtained in a sale. ",Not listed,Irvine Industries Inc. ,1200000,1200000,1719628,1687462,1375702,1375702,Improvement recalculated and found to be correct 20% ecomonic obsolescence allowed for this year only,N/A,Granted in Part,Half-Way in between request and outcome (20% reducted on FCV and 18% on LPV),20,18,Granted in Part,Granted in Part
1984,2/21/1984,102-01-036-7,2085 N GRAND/MINI STORAGE,Income Producing,The income for this property since the peso devaluation is about 40% of pre peso devaluation - yet the taxes continue to increase - the value of the property is diminished in proportion to the diminished income - reduced valuation + taxes relief is necessary to every stay in business,Market,Ralph L. Preston,280000,135000,726747,438232,581398,401895,"Improvements were recalculated and found to be correct - Full cash value at $591,467 and land value at $135,280. 20% economic obsolescene allowed for one year only for a new FCV of $581,398. ",S. Jackson,Granted in Part,Half-Way in between request and outcome (2% reducted on both FCV and 8% on LPV),2,8,Granted in Part,Granted in Part
Not listed,2/27/1985,114-50-012,RIO RICO PLAZA ,Income Producing / Vacant Land / Agricultural /Ranch,"The petitioner is submitting this petition to protest the 1983 proposed ""full/limited cash value and classification"" (hereinafter called ""value"") set by sant cruz county. The value is an amount greater than the price for which the parcel applicable to this petition can be reasonably marketed and sold. Thus the value is in excess of the fair and just market value. Based upon the status, classification, character and use of the parcels the value is unfair, arbituary and against appropriate law. ",N/A,Rio Rico Properties Inc. ,798672,,1214495,1033575,1065514,1033575,Improvement recalculated and found to be correct 15% ecomonic obsolescence allowed for this year only,N/A,Granted in part ,Very limited reduction of 12% on FCV and no change on LPV,12,0,Granted in Part,Granted in Part
Not listed,3/1/1985,102-01-035,1967 N. Grand ,Income Producing/ Shopping Center,"The state board of property tax appeals determines that in 1984 the assessors value in santa cruz county were 30 - 40% over market. Therefore, a negative factor rather than a positive factor shown have been applied. Please adjust from the 1984 value. Also we have request that these improvements be returned to their original status as ""IPRS"". We understand that this will be taken care of for 1985",Market,N/A,1100000,624748,1617251,754060,1617251,754060,The improvement was recalculated and found to be correct. No change. ,N/A,No change,,0,0,No Change,No Change
Not listed,3/1/1985,102-01-038,LAS PALMAS,Not listed,"The market value of the property set by the Assessor is excessive and not a true representation of the market value of the property. Santa Cruz County is a depressed area and the values of the properties have decreased, because of such depression and have not increased. The value placed by the the assessor on the property is excessive when comparing the property with similar properties. No standard appraisal technique justifies the value placed on the property by the assessor.",Not listed,Irvine Industries Inc. ,1375702,1375702,1907312,1513272,1621215,1513272,"Improvement Value recalculated and found to be correct, 15% economic obsolescence allowed for this year only.",N/A,Granted in Part,Half-Way in between request and outcome (6% reducted on FCV and on LPV),6,6,Granted in Part,Granted in Part
Not listed,3/1/1985,105-22-023,DRIVE INN,Vacant Land ,"The value should not be increased since the lot has been flooded & tennants have moved out. Only 1/2 acre is used, & even that will be vacant since tenant has not paid rent since 1983. Lot is 95% vacant. ",Full Cash Value / Limited Value / Legal Classification,Atanasio  Panosopoulos - Trifon Stabropulos,70210,54605,91663,63870,73789,60066,Improvement recalculated. 15% economic obsolescence allowed for this year only. ,N/A,Granted in part,Very close to Granted in Full; (19% reduced on FCV and 6% on LPV),19,6,Granted in Part,Granted in Part
Not listed,3/4/1985,105-20-004,MORGAN,Residential,"The pastureland is used for grazing. The assessment error as we see it is the improvements. The house is built of adobe and plastered not frame or concrt block as shown in the assessor's records. It has not been repaired for 15 or 20 years and there are holes in the walls, leaks in the roof, holes in the flooring. Some tennants used the wall for target practice. The condition of the house is well below average not average as shown in the assessor's records. A physical inspection of this property will confirm that it is well below average and not worth the $37,109 improvement value. Please review and reduce this valuation. Thank you. ",N/A,Martha R. Morgan Et Al,50000,50000,60188,52138,56477,52139,Changed phy-cond of improvement to below average,N/A,Granted in Part,Very limited reduction of 6% on FCV and an increase of $1 on LPV,6,0,Granted in Part,Granted in Part
1985,5/23/1985,102-01-036-7,2085 N GRAND/MINI STORAGE,N/A,N/A,N/A,Dino Panousopouls,380000,170000,976953,775432,830315,389932,Improvement value recalculated and found to be correct change assessmnet percentage. 15% economic obsolescence allowed for this year only.  ,N/A,Granted in Part,Very limited reduction of FCV (15%) / 50% decrease on LPV,15,50,Granted in Part,Granted in Part
Not listed,2/25/1986,102-01-035,1967 N. Grand ,Commercial/Industrial,This center has an effective age of 14 years. Please apply 28% obsolescene to this shopping center. An income and expense statement is being prepared and will be submitted when available. ,Market,Donald Roelke,1187456,973071,1979004,1621786,1533232,1256477,Income and expense statement not available. Insufficient data for income approach. 15% economic obsolescence for this year. ,N/A,Granted in Part,Half-Way in between request and outcome (23% reducted on both FCV and LPV),23,23,Granted in Part,Granted in Part
1986,2/27/1986,102-01-036-7,2085 N GRAND/MINI STORAGE,Commercial/Industrial,"Construction not yet usable, additional buildings under construction need more time to finish. Construction + evaluation of tax",N/A,Ralph L. Preston,830315,384932,1144017,1017512,972414,864844,"Only part of construction picked up, for 1986 tax roll. 15% economic obsolescence for this year only. ",N/A,Granted in Part,Half-Way in between request and outcome (15% reducted on both FCV and LPV),15,15,Granted in Part,Granted in Part
Not listed,2/27/1986,114-50-012,RIO RICO PLAZA ,Income Producing / Vacant Land / Agricultural /Ranch,"The petitioner is submitting this petition to protest the 1983 proposed ""full/limited cash value and classification"" (hereinafter called ""value"") set by sant cruz county. The value is an amount greater than the price for which the parcel applicable to this petition can be reasonably marketed and sold. Thus the value is in excess of the fair and just market value. Based upon the status, classification, character and use of the parcels the value is unfair, arbituary and against appropriate law. ",N/A,Rio Rico Properties Inc. ,750000,,1362447,1065445,1116625,1063088,Adjusted adds for a new value. 15% economic obsolesvence for this year. ,N/A,Granted in part ,Very limited reduction of 18% on FCV and .002% on LPV,18,0,Granted in Part,Granted in Part
Not listed,2/28/1986,105-20-010-7,PK FIELDS - OLD TUCSON HWY,N/A,No longer 23.5 acres. River claimed several acres last year. I expect a decrease in value and not an increase. ,N/A,Dino Panousopouls,35000,35000,43896,43653,35116,35116,Parcel granted 20% topo due to land being in flood plain,N/A,Granted in Part,Very close to Granted in Full; (20% reduced on FCV and on LPV),20,20,Granted in Part,Granted in Part
Not listed,2/28/1986,105-22-023,DRIVE INN,Vacant Land,"The value should not be increase since the lot has been flooded and tennants have moved out. Only 1/2 acre is used, and even that will be vacant since tenant has not paid rent since 1983. Lot is 95% vacant.",Full Cash Value / Limited Value / Legal Classification,Atanasio  Panosopoulos - Trifon Stabropulos,70210,54605,93217,68354,71901,66703,Land adjusted and 15% ecomnomic obsolescence for this year. ,N/A,Granted in part,Very close to Granted in Full; (23% reduced on FCV and 2% on LPV),23,2,Granted in Part,Granted in Part
Not listed,2/21/1987,102-01-035,1967 N. Grand ,Commercial/Industrial,Income & expense is being prepared and will be submitted when available. Econonic Performance projection do not support current FCV.,Market,Donald Roelke,1239195,969450,1770279,1384928,1479658,1384928,Income and expense statement not submitted. Shopping center depreciation applied and 10% economic obsolescence for year. ,N/A,Reduction in FCV / No change on LPV,Half-way in between request and outcome (16.5% reduced on FCV),16.5,0,Granted in Part,No Change
Not listed,2/21/1987,114-50-012,RIO RICO PLAZA ,Income producing,"The petitioner is submitting this petition to protest the 1983 proposed ""full/limited cash value and classification"" (hereinafter called ""value"") set by sant cruz county. The value is an amount greater than the price for which the parcel applicable to this petition can be reasonably marketed and sold. Thus the value is in excess of the fair and just market value. Based upon the status, classification, character and use of the parcels the value is unfair, arbituary and against appropriate law. ",N/A,Rio Rico Properties Inc. ,700000,,1197750,991261,939614,939614,"Improvement value recalculated, land adjusted to $33,193 from $56,425. 20% economic obsolescence allowed for this year only. ",N/A,Granted in part ,Half-Way in between request and outcome (22% on FCV and no change on LPV),22,0,Granted in Part,Granted in Part
Not listed,2/23/1987,105-22-023,DRIVE INN,Vacant Land,In 1986 for the adjacent 1.5 AC paid only $3000.00. That makes this parcel way over valued considering it is below flood plane and vacant land. Please make sure to also change the classification. This is vacant land. ,Full Cash Value / Limited Value / Legal Classification,Atanasio  Panosopoulos - Trifon Stabropulos,45000,40000,83828,72680,54926,54926,"Parcel field checked 03/10/87 two buildings on parcel changed land value from 34,514 to 24,160 obsolescence applied to both improvements ",N/A,Granted in part,Half-Way in between request and outcome (35% on FCV and 25% on LPV),35,25,Granted in Part,Granted in Part
Not listed ,2/23/1987,114-50-012,RIO RICO PLAZA ,Income Producing / Vacant Land / Agricultural /Ranch,"The petitioner is submitting this petition to protest the 1983 proposed ""full/limited cash value and classification"" (hereinafter called ""value"") set by sant cruz county. The value is an amount greater than the price for which the parcel applicable to this petition can be reasonably marketed and sold. Thus the value is in excess of the fair and just market value. Based upon the status, classification, character and use of the parcels the value is unfair, arbituary and against appropriate law. ",N/A,Rio Rico Properties Inc. ,700000,,1342981,1169396,1146634,1146634,Improvement values recalculated. 15% economic obsolescence for this year. ,N/A,Granted in part ,Very limited reduction of 15% on FCV and 2% on LPV,15,2,Granted in Part,Granted in Part
Not listed,2/22/1988,102-01-035,1967 N. Grand ,Commercial/Industrial,Economic performance projections do not support current FCV. Income & Expenses is being prepared and will be submitted when available. To not allow S/C Obsol on card 1 0f 10 which is S/C parking lot is in error. Please adjust this error & apply an additional 20% obsol due to depressed market.,Market,Donald Roelke,1040693,912202,1734489,1520331,1632616,1520338,Improvement value recalculated and adjusted obsolescence for a new value.,N/A,Granted in Part on FCV / Slight increase on LPV,Very limited reduction of FCV (5.9%) / $7 increase on LPV,5.9,0,Granted in Part,No Change
Not listed,1/30/1989,102-01-035,1967 N. Grand ,Commercial/Industrial,Please allow shopping center obsolescence on card 1 or 10 which is the S/C parking lot. Overall market depressed. Please add additional obsolescence. ,Market,Donald Roelke,877731,836186,1755461,1672371,1697061,1672372,Applied shopping center obsolescence,N/A,Granted in Part on FCV / Slight increase on LPV,Very limited reduction of FCV (3.4%) / $1 increase on LPV,3.4,0,Granted in Part,No Change
1989,1/31/1989,102-01-036-7,2085 N GRAND/MINI STORAGE,mobile home,Mobile home park lost the land + income from 12 spaces as result of gift to santa cruz county for right of way to court house - Taxes should not be increases as a result of the lost of the land + income thereof. ,Market ,Ralph L. Preston,1292442,1240211,1318034,1318034,1209179,1209179,Adjusted land value and acreage 8% economic obsolescence for this year. ,N/A,Granted in full ,8% on FCV and LPV,8,8,Granted in Full,Granted in Full
Not listed,1/24/1990,102-01-038,LAS PALMAS,Commercial/Industrial,"The basis for this protest is the fact that this property is in escrow at Lawyers Title in Nogales, Arizona (Escrow No. 2435-AR) at a sales price of $1,025,000.00 due to close on or before February 16,1990.0 I am also enclosing evidence showing the square footage on land and improvements is much less than your records show. Please review. ",Not listed,Valley Properties ,1025000,,2404589,2163979,1025000,1025000,"Improvement Value recalculated and found to be correct. Change value to $1,025,000 from $2,404,254 Due to sale Affidavit of property. Value dated March 14 1990.",N/A,Granted in full ,58% on FCV / 53% on LPV,58,53,Granted in Full,Granted in Full
Not listed,1/24/1990,105-22-023,DRIVE INN,N/A,This parcel is being assessed at 25.0 ass't ratio it is vacant land and should be assessed at 16.0% please correct. This is the old El Rancho Drive-In Theater. ,N/A,Atanasio  Panosopoulos - Trifon Stabropulos,N/A,,56275,56275,24660,21823,"There are two improvements on this parcel-change class to 10-9 salvage value. Change from $56,275 to 24,660. Salvage value applied to improvements, ratio corrected to 16%",N/A,N/A,FCV (54%) and LPV (62%) were both reduced,54,62,,
1990,1/26/1990,102-01-036-7,2085 N GRAND/MINI STORAGE,Commercial/Industrial,"Addition of approx 25,000 sq. ft. of small storage BLDS caused increase or 50% in valuation of the entire property - 25,000 is only 1/3 of mini storage building - also blids cost 750 sq st. - state chart used at 1250 per sq ft. IE. All rlds vlued 50% too high. Added blds are not porortunate to the total of blds + increase",N/A,Ralph L. Preston,1300000,1300000,1810444,1734459,1810444,1734459,Improvement value has been recalculated and found to be correct,N/A,No change,,0,0,No Change,No Change
Not listed,1/30/1990,102-01-035,1967 N. Grand ,Commercial/Industrial,"Due to economics, area market values have decreased from 1989 to 1990. Safeway has terminated their lease and vacated the center. Please allow obsolescence until released. ",Market,N/A,2208209,1430048,3154584,2042925,3065021,2020534,Full Cash Value is fair. Adjusted Shopping Center Obsolescence for a new value.,N/A,Granted in Part,Very limited reduction of FCV (3%) / 1% decrease on LPV,3,1,Granted in Part,Granted in Part
Not listed,1/31/1990,113-49-024-2B,NI P - 149 N FREEPORT DR (PALLETUSMEX),N/A,"The 1990 full cash value reflects an increase of 58% from the 1989 level. Given the current real estate market, the value should be no highter than 1989 full cash value. ",N/A,Rivas Carol Vista Homes Co. ,254000,254000,401990,278129,335335,261470,Ajusted adds for a new value. ,N/A,Granted in part ,Half-Way in between request and outcome (17% on FCV and 6% on LPV),17,6,Granted in Part,Granted in Part
Not listed,1/21/1991,102-01-038,LAS PALMAS,Commercial/Industrial,"I would like for somebody, anybody to explain to me how you can justify any increase in value on this property when it has been sitting vacant for one year with the exception of Halloween night 1190, when it was donated to the community. Deriving no income since I purchased the property. There have been no improvements what so ever (please review).",Not listed,Dino Panousopouls,1025000,1025000,2248981,1330995,1076250,1076250,Improvement adjusted for a new value,N/A,Granted in Part,Very close to Granted in Full; (52% reduced on FCV / 19% reduced on LPV),52,19,Granted in Part,Granted in Part
Not listed,1/31/1991,113-49-024-2B,NI P - 149 N FREEPORT DR (PALLETUSMEX),Commercial/Industrial ,"You are increasing land value by 500%. When surrounding property is general rural valuation, please review. Similar adjalent property is valued at a much lower rate (land value). ",Commercial/Industrial ,Carol Rivas,23218,18661,122517,44625,122517,44625,Full cash value updatted to be in line with surrounding parcels.,N/A,No change ,,0,0,No Change,No Change
Not listed,1/14/1992,102-01-035,1967 N. Grand ,Commercial/Industrial,"Economic performance projections do not support current FCV. Analysis of income performa does not support the current appraised value. Land value excessive compared to simila ppty, similared zoned. This parcel is a roadway and should have a 500 min value. Adjust land to the 1991 land value. No market activity to support increase. ",Market,N/A,1836826,1686921,2783070,2555941,2405441,2555941,"FCV was changed from $2,783,070 to $2,405,441. $1,462,309 for the improvement, and $943,132 for the land",N/A,Reduction in FCV / No change on LPV,Very limited reduction of FCV (14%),14,0,Granted in Part,No Change
Not listed,1/24/1994,113-49-024-2B,NI P - 149 N FREEPORT DR (PALLETUSMEX),Commercial/Industrial ,"To level he 2.87 AC will cost aprox.  110,000 per which will make the land value for this area about $4.00 per sq. ft. No market for this price. ",Commercial/Industrial ,Panousopoulos Constantine,N/A,,122517,89657,122517,89657,No increase over last years full cash value,N/A,No change ,,0,0,No Change,No Change
Not listed,1/9/1995,105-20-008,CANYON HOUSE/RANCH HOUSE ,Commercial/Industrial,"This and old house is big but with the room distubution cames very hard to make comparable with a well built new house of the same sq. ft. The bank value this house for $220,000",Market,Dino Panousopouls,200000,200000,453345,451533,276563,275458,40% incurable functional obsolescence allowed,R. Teran ,Granted in Part,Very close to Granted in Full; (39% reduced on FCV and on LPV),39,39,Granted in Part,Granted in Part
Not listed,1/24/1995,101-43-108A,WS Apts,Rental,Very old apartments in need of repair. Rents are very low,Market,Dino Panousopouls,66922,66922,75741,73614,75741,73614,Full cash value comparable with similar properties in the area,N/A,No change,,0,0,No Change,No Change
Not listed ,1/24/1995,105-21-001,PK MCCOY -LUTERAN CHURCH,Rental ,This a very old house value not to increase 100% over one year,Market,Dino Panousopouls,42000,42000,61259,42540,44509,39930,Adjustment made to land value. Improvement lower than last year. ,N/A,Granted in part,Very close to Granted in Full; (27% reduced on FCV and 6% on LPV),27,6,Granted in Part,Granted in Part
Not listed,1/25/1995,105-22-023,DRIVE INN,Vacant Land,Only about 4:00 AC are good half of the land cannot be used.  (remaining is not eligible),N/A,Dino Panousopouls,25000,25000,42722,31276,39204,31276,"Land values adjusted for 1995. Field check on 03/02/1995, improvement deleted from cost system. Usuage class changed on this parcel due to truck sales operating out of this parcel in a mobile home. ",N/A,Granted in part,Very limited reduction of 8% on FCV and no change on LPV,8,0,Granted in Part,Granted in Part
1995-6,1/26/1995,103-23-265A,MONTE CARLO APTS,Rental,Additional data will be submitted as deemed appropriate. Parcel 124-03-2610 sold 02/93 for $40.75/SF. Compare with 124-03-2470 at $35.00/SF. ,Market ,Racicot Apartments Inc An AZ Corp,690906,690906,500000,,500000,,"Recalculated on the new cost system. Comparable 124-08-261 is 3373 Sq Ft. 124-03-247 is 5040 Sq Ft. Your property has one building at 11,332 Sq. Ft. and a second building at 10,816 Sq. Ft. Subject properties comes out to 29.92 per Sq. Ft. ",N/A,No change,,0,0,No Change,No Change
Not listed,1/27/1995,102-01-038,LAS PALMAS,,With the peso devaluation business are about to close rent reduce over 50% so they can stay open. Acres shown on notice of 14.01 is wrong is 9.30 acres,Not listed,Dino Panousopouls,1025000,1025000,1225787,1183875,1025000,1025000,Land area computed and changed from 14.01 to 9.43 acres as per legal description. Full cash value reduced to purchase price of parcel due to border economic conditions. ,N/A,Granted in full ,16% on FCV / 13% on LPV,16,13,Granted in Full,Granted in Full
1997,4/12/1996,102-01-038,LAS PALMAS,Commercial/Industrial,No market for a big bag. Empty for almost 2 yrs nobody wants to rent. ,Not listed,Dino Panousopouls,1025000,1025000,700000,700000,,,N/A,Pablo Ramos ,N/A,,,,,
1997,4/15/1996,103-23-265A,MONTE CARLO APTS,Rental ,See attached Form 300. No justifications to increase over 1995 FCV. Economic obsolescence due to peso devaluation. ,Market/Income,Racicot Apartments Inc An AZ Corp,400000,,718444,718444,690906,690906,ARS 42-201.02 straight line method of capitalization building residence technique utilized. ,N/A,Granted in Part,Very limited reduction of 4% for both FCV and LPV,4,4,Granted in Part,Granted in Part
1998,4/28/1997,105-20-008,CANYON HOUSE/RANCH HOUSE ,N/A,"The house was updated in 1996. How can you increse the 10,000 in a 8 month period",Cost ,Dino Panousopouls,460000,363447,479379,363447,460000,358602,Improvement was upgraded in 1996. Adjustements were made in 1996. Agree with taxpayer. No chnages to improvements have been made since that time. ,Pablo A. Ramos ,Granted in full ,4% on FCV / 1% on LPV,4,1,Granted in Full,Granted in Full
Not listed,10/23/1997,113-49-024-2B,NI P - 149 N FREEPORT DR (PALLETUSMEX),Commercial/Industrial ,"Of the 2.87 Acres in the parcel only 5000 sq. ft. were used for the building (1786 sq. ft.) So we request 1. Leave 2.6 acres in parcel 024B 16% 2. Take .027 acres and building that cost $52,000 (cince the offices were not build) and make another parcel 25%",N/A,Panousopoulos Constantine,,,193455,,177708,,"Assessors recommendation to change FCV from $193,455 to $177,708 Land $122,517 Improvements $55,191",N/A,Granted In part,8% on FCV / no change on LPV,8,0,Granted in Part,Granted in Part
1999,3/25/1998,105-20-008,CANYON HOUSE/RANCH HOUSE ,N/A,No appreciation - older home,N/A,Delta Properties LLP,460000,358602,498833,394462,460000,394462,"Improvement upgraded for 1997 tax year to 460,000 cganged full cash calue to 460,000. Value will stay at 460,000 for this year only.",Pablo A. Ramos ,Granted in Part ,8% on FCV / no change on LPV,8,0,Granted in Part,Granted in Part
1999,3/25/1998,105-21-001,PK MCCOY -LUTERAN CHURCH,Residential ,Older house without appreciation,N/A,Delta Properties LLP,44433,44433,74760,52015,47987,47987,"Changed full cash value to 47,987, to reflect market area average increase",Pablo A. Ramos ,Granted in part,Very close to Granted in Full; (36% reduced on FCV and 8% on LPV),36,8,Granted in Part,Granted in Part
1999,4/27/1998,102-01-035,1967 N. Grand ,Commercial/Industrial,Property is at end of economic life. SW market vacated. No longer can compete for tenants. The new construction along La Mariposa has destroyed the value of this 25 year old shopping center. ,Market,Gary W. Heinbach ,600000,,2508571,2508571,2508571,2508571,No change. No increase in full cash value. ,Pablo Ramos ,No Change,,0,0,No Change,No Change
2000,3/29/1999,102-01-035,1967 N. Grand ,Commercial/Industrial,"Subject property is 27 year old shopping center that is 84% vacant. Income approach generates almost no value. Should be land value only plus $500 minimum value for improvements. CBOE set value at $1,871,104 for 1999. ARS 42-247. Another year and still 84% vacant. Value should be lower than last year. Market: 102-06-005 sold for $9.57/sq ft in 1998. Equity: 101-46-016 ",Market ,N/A,600000,,2832995,2109327,1871104,1871104,Change to country board of equalization,R. Teran ,Granted in Part,Half-Way in between request and outcome FCV (34%) / 11% decrease on LPV,34,11,Granted in Part,Granted in Part
2000,4/21/1999,105-22-023,DRIVE INN,Vacant Land,"This is the Old Rancho drive-in is located in the flood way. Not in the flood zone. Only one acre is out of the flood way, and elevation mist be 7'00"" of",N/A,Atanasio  Panosopoulos ,39204,39204,196020,78408,98010,53906,Land Value Changed due to floodway. ,N/A,Granted in part,Half-Way in between request and outcome (50% on FCV and 31% on LPV),50,31,Granted in Part,Granted in Part
2001,4/19/2000,102-01-035,1967 N. Grand ,Commercial/Industrial,"Subject property is now 85% vacant for another year and deserves further reduction 1999 NOT is only 72,000. No anchor tenants. Economic, functional and physical obsolescence. Form 300 Attached. ",Market ,Gary W. Heinbach ,725000,,1589283,1589283,1589283,1589283,No change. Sales price. ,Pablo A. Ramos ,No change,,0,0,No Change,No Change
2000,5/1/2000,105-21-001,PK MCCOY -LUTERAN CHURCH,N/A,This property should be a mixed ratio 50% commercial and 50% residential. Please field check. Valuation should not increase 25% in one year!,Market,Delta Properties LLP,74496,54614,93106,64237,80745,61147,"Change FCV to 80,745 to reflect average increase & change usuage to 15% commercial & 50% residential for mixed ratios. ",Pablo A. Ramos ,Granted in part,Very limited reduction of 13% on FCV and 5% on LPV,13,5,Granted in Part,Granted in Part
2001,5/1/2000,114-50-012,RIO RICO PLAZA ,Shopping center,2001 increase in FCV is unwarranted. The FCV is overstated based on the income approach. Market sales indicate the property is overvalued. ,N/A,Avatar properties,1000000,1000000,1712799,1240783,1189809,1189809,"Changed full cash value to 1,189,809. Land Value adjusted 3 AC AT 1.30 per sq. ft. 8.70 AC at 8,700 per AC. ",Pablo A. Ramos ,Granted in part ,Half-Way in between request and outcome (32% on FCV and 4%on LPV),32,4,Granted in Part,Granted in Part
2002,4/30/2001,102-01-035,1967 N. Grand ,Commercial/Industrial,"30 year old shopping center in only fair condition, functional, economic obsolescence. Large vacancy 220 + % increase in inprovements not justified.  ",Market ,N/A,1500000,1500000,2248625,1754119,2248625,1754119,"No change. Improvement on cost system. Sales price of $2,710,000 on May 2000. ",Pablo A. Ramos ,No change,,0,0,No Change,No Change
2004,3/28/2003,102-01-098D,VETERANS/SEPT'04,Commercial/Industrial,"Property is in the flood zone next to county arroyo that creates garbage and health problems. Use limited in use due to contract. Generated $1,500 a year in income from carnivals. ",Market ,Santa Cruz County Veterans Market Inc. ,170000,170000,215622,215622,172498,172498,Adjusted land 20% due to economic obsolescence. Good only for one year. ,N/A,Granted in Part,Very close to Granted in Full; (20% reduced on FCV and reduced on LPV),20,20,Granted in Part,Granted in Part
2004,4/9/2003,105-20-004,MORGAN,Commercial/Industrial,"No change to existing warehouse. Not all 23.62 acres are commercial, part is still vacant and not used as commercial. Please inspect for mixed ratio. ",Market/Cost,Delta Properties LLP,2400000,2400000,2812439,2649702,2600000,2600000,"11.34 AC at 16% and 11.34 AC at 25%. Change FCV to 2,600,000 to reflect market area, average increase for commercial property. ",Pablo A. Ramos ,Granted in Part,Very limited reduction of 8% on FCV and 2% on  LPV,8,2,Granted in Part,Granted in Part
2004,4/9/2003,105-22-023,DRIVE INN,Vacant Land,"4.5 acres have no value. 100% in wetlands, therefore they have no market value. ",Market ,Delta Properties LLP,20000,20000,98010,88574,98010,88574,"No change. Valuation applicable to 4.5 acres at $21,780 per acre comparable to surrounding properties. ",N/A,No change,,0,0,No Change,No Change
2005,4/23/2004,105-20-004,MORGAN,Commercial/Industrial,No sales of similar properties within the county to justify this increase. ,Market,Delta Properties LLP,2600000,2600000,2914473,2860000,2600000,2600000,"Change to last years value, agree with taxpayer. No comparable sales in market-area",Felipe Fuentes Jr. ,Granted in full ,11% on FCV / 9% on LPV,11,9,Granted in Full,Granted in Full
2005,4/23/2004,105-22-023,DRIVE INN,Vacant Land,"Property located in floodway, 30% is in the wetlands which is restricted by the Federal government, the remaining property sits in the floodway. ",Market,Delta Properties LLP,30000,30000,98010,97431,49005,49005,"Adjusted land value due to flood way and topographic location, based on report provided by the Santa Cruz County Flood plain management. ",N/A,Granted in part,Half-Way in between request and outcome (50% on FCV and on LPV),50,50,Granted in Part,Granted in Part
2006,4/27/2004,113-49,UNABLE TO IDENTIFY ,Commercial/Industrial ,"All buildings in very poor condition, no insultaiton, minimal electrical, very hard to rent as distribution warehouses or proto warehouses. 113-49-009E minumum land is being used as commercial, total parcel size 13.61 acres: only 1 1/2 acres are being used as commercial, 5 acres approx. in flood zone. ",Market,Delta Properties LLP,,,,,,,N/A,N/A,N/A,,,,,
2006,4/27/2005,101-43-108A,WS Apts,Commercial/Industrial + Apartments,Hard to compete with new apt. complex that are in the Mariposa area. Value for older apts. Has depreciated,Market,Dino Panousopouls,80000,80000,113487,84733,80686,80686,Adjustment Improvement Due to Cost,N/A,Granted in Part,Very close to Granted in Full; off by $686; (29% reduced on FCV / 5% reduced on LPV),29,5,Granted in Part,Granted in Part
2007,4/28/2006,103-23-265A,MONTE CARLO APTS,Rental Apartments ,"Apartment Complex sold for $700,000. Assessor is over 200,000",Market,Ma-thena Properties LLP,700000,700000,995640,767090,995640,767090,"No change. Sold for 900,000, property had assessors overide for 9 year normal increase. ",N/A,No change,,0,0,No Change,No Change
2008,4/27/2007,105-22-023,DRIVE INN,Commerical/Industrial,Warehouse sits on flood zone. Limited acess. Not being used for produce warehouse. Industrial distribution warehouse cannot compare to produce warehouses. 1/3 of land sits on flood way. Allow economic obsolecense due to location. Not all 9 acres are being used for commercial. ,Market,Delta Properties LLP,1500000,1500000,2208013,2166859,2208013,2166859,"No change, cost mehod valuation, a mix ratio is being used commercial/vacant. Topographical obsolescence has been applied to allow fro flood way. ",Pablo A. Ramos ,No change,,0,0,No Change,No Change
2009,4/16/2008,102-01-098D,VETERANS/SEPT'04,Commercial/Industrial,Mixed Ratio - Commercial in use is 25% - Remaining 75% is vacant. ,N/A,Delta Properties LLP,260000,260000,305072,292340,305071,305071,Applied mixed ration for 2009,N/A,No change,,0,0,No Change,No Change
2009,4/28/2008,113-45-367,MH - 1310 FAIRWAY ,N/A,It is an old delapiduted building that hasn’t had any improvements or modernization since it was built. I do not think there is any logical reason to increas the valuation to more then what I paid for. Plus it needs mayor reprais and modernization and the contamination issue that exist and we are constantly dealing with. ,N/A,AD+R Fairway LLC,1000000,1000000,1250947,1238560,1225928,1196824,Adjusted value due to physical obsolescence.,N/A,Granted in part ,Very limited reduction of 2% on FCV and 3% on LPV,2,3,Granted in Part,Granted in Part
2011,4/26/2010,102-01-035,1967 N. Grand ,Commercial/Industrial,Income to be submitted later. ,Market ,N/A,2874286,2874286,3338546,3161714,,,N/A,N/A,N/A,,,,,
2011,4/26/2010,113-49-019B,113-49-019B,N/A,N/A,Market,Delta Properties LLP,844443,844443,1156507,928887,952805,928887,Adjusted. The Full Cash Value has been adjusted as a result of a recent re-evaluation. An adjustement is warranted.  ,Miguel Carrillo,Granted in part ,Half-Way in between request and outcome (18% on FCV and no change on LPV),18,0,Granted in Part,Granted in Part
2011,4/26/2010,113-46-051,La Quinta II Lot 1,N/A,N/A,Market Sales Approach,Delta Properties LLP,2442810,8442810,6187332,3378940,5417657,3186522,Adjusted. The full cash value has been adjusted as a result of a recent re-evaluation. An adjustment is warranted. ,Miguel Carrillo ,Granted in part ,Very limited reduction of 12% on FCV and 6% on LPV,12,6,Granted in Part,Granted in Part
2011,4/26/2010,105-26-034,PATE - 513 N VALLE VERDE DR,N/A,N/A,Market Sales Approach,Theta Properties LLP,229613,229613,377296,266534,242153,242153,Adjusted. The Full Cash Value has been adjusted as a result of a recent re-evaluation. An adjustment is warranted.                                                                           ,Miguel Carrillo,Granted in part ,Half-Way in between request and outcome (10% on FCV and 13%  on LPV),10,13,Granted in Part,Granted in Part
2011,4/26/2010,102-04-044C,MIP 111- 1441 N IND PRK DR,N/A,N/A,Market Sales ,Market Sales ,583828,583828,650211,650211,562594,562594,The full cash value has been adjusted as a result of a recent re-evaluation. An adjustment is warranted. ,Miguel Carrillo,Granted in full ,13% on FCV / 13% on LPV,13,13,Granted in Full,Granted in Full
2011,4/26/2010,102-04-048A,MIP II - 1140 W MARIPOSA IND PARK DR,N/A,N/A,Market Sales Approach,Delta Properties LLP,264906,264906,534979,332425,442066,309196,Adjusted. The full cashvalue has been adjusted as a result of a recent re-evaluation. An adjustment is warranted. ,Miguel Carrillo,Granted in part ,Very limited reduction of 17% on FCV and 7% on LPV,17,7,Granted in Part,Granted in Part
2011,4/26/2010,102-04-043A,MIP 1-1481 N IND PK DR,N/A,N/A,Market Sales Approach ,Delta Properties LLP,692186,692186,862596,761405,735210,735210,Adjusted. The full cash value has been adjusted as a result of a recent re-evaluation. An adjustment is warranted. ,Miguel Carrillo,Granted in part ,Half-Way in between request and outcome (15% on FCV and 3%  on LPV),15,3,Granted in Part,Granted in Part
2011,4/26/2010,102-04-024A,MIP II - 1200 W IND PK DR,N/A,N/A,Market Sales Approach ,Delta Properties LLP,1429984,1429984,1959324,1833654,1336784,1251044,Adjusted. The Full Cash Value has been adjusted as a result of a recent re-evaluation. An adjustment is warranted. Given economic obsolescence and vacancy.                                                                   ,Miguel Carrillo,Granted in full ,32% on FCV / 32% on LPV,32,32,Granted in Full,Granted in Full
2011,4/26/2010,102-01-012A,UNABLE TO IDENTIFY ,N/A,N/A,Market Sales Approach ,Delta Properties LLP,1376232,1376232,1798120,1513855,1315207,1315207,"Adjusted. After futher review of additional information, a field visit and/or aerial image inspection of the area, it is determined that the land value is to be adjusted for topography, location, use and/or size consideration. ",Miguel A. Carrillo ,Granted in full ,27% on FCV / 13% on LPV,27,13,Granted in Full,Granted in Full
2011,4/26/2010,102-04-019A,MIP 11 - 1150 N IND PK DR ,N/A,N/A,Market sales approach,Delta Properties LLP,204309,204309,333215,236535,272842,224740,Adjusted. The Full Cash Value has been adjusted as a result of a recent re-evaluation. An adjustment is warranted.                                                                           ,Miguel Carrillo ,Granted in part ,Very limited reduction of 18% on FCV and 5% increase on LPV,18,5,Granted in Part,Granted in Part
2011,4/26/2010,105-20-003,CANYON APTS -10 NJIKOS WAY,N/A,N/A,Market sales and cost approach,Delta Properties LLP,587888,587888,651597,646677,515632,515632,Adjusted. The full cash value has been adjusted as a result of a recent re-evaluation. An adjustment is warranted. ,Miguel Carrillo ,Granted in full ,21% on FCV / 20% on LPV,21,20,Granted in Full,Granted in Full
2011,4/26/2010,113-46-038C,UNABLE TO IDENTIFY ,N/A,N/A,Market sales approach,Delta Properties LLP,291160,291160,428272,325438,378921,320276,Adjusted. The full cash value has been adjusted as a result of a recent re-evaluation. An adjustment is warranted. ,Miguel Carrillo ,Granted in part ,Very limited reduction of 12% on FCV and 2% increase on LPV,12,2,Granted in Part,Granted in Part
2011,4/26/2010,113-49-019E,N I P - 225 N FREEPORT DR,N/A,N/A,Market sales approach,Delta Properties LLP,,,1518181,1187811,1130812,1130812,Adjusted. The full cash value has been adjusted as a result of a recent re-evaluation. An adjustment is warranted. ,Miguel Carrillo ,N/A,,,,,
2011,4/26/2010,113-49-019H,NIP - 165 N FREEPORT DR,N/A,N/A,Market sales approach,Delta Properties LLP,240074,240074,313404,264082,277586,264081,Adjusted. The full cash value has been adjusted as a result of a recent re-evaluation. An adjustment is warranted. ,Miguel Carrillo ,Granted in part ,Half-Way in between request and outcome (11% on FCV and  no change on LPV),11,0,Granted in Part,Granted in Part
2011,4/26/2010,113-49-024A,NIP - 180 N FREEPORT DR,N/A,N/A,Market sales approach,Delta Properties LLP,334234,334234,412043,367658,341559,341559,Adjusted. The full cash value has been adjusted as a result of a recent re-evaluation. An adjustment is warranted. ,Miguel Carrillo ,Granted in full ,17% on FCV / 7% on LPV,17,7,Granted in Full,Granted in Full
2011,4/26/2010,113-46-037A,MARIPOSA RANCH LOTG - 1590 W CALLE PLATA,N/A,N/A,Market sales approach,Delta Properties LLP,991774,991774,2188844,1291041,1428124,1100861,Adjusted. The full cash value has been adjusted as a result of a recent re-evaluation. An adjustment is warranted. ,Miguel Carrillo ,Granted in part ,Half-Way in between request and outcome (35% on FCV and  15% on LPV),35,15,Granted in Part,Granted in Part
2011,4/26/2010,102-04-019B ,M IP 11 - 1144 WIND PK DR,N/A,N/A,Market sales approach,Delta Properties LLP,425796,425796,918098,859212,752291,704040,Adjusted. The full cash value has been adjusted as a result of a recent re-evaluation. An adjustment is warranted. ,Miguel Carrillo ,Granted in part ,Very limited reduction of 18% on FCV and 6% increase on LPV,18,0,Granted in Part,Granted in Part
2011,4/26/2010,102-01-035N,1967 N. GRAND (LARRIVAS) LMP - 2031 N GRAND I,N/A,N/A,Market sales approach,Theta Properties LLP,2874286,2874286,3338546,3161714,2692047,2692047,"Adjusted. After further review of additional information, a field vsiit and/or aerial image inspection of the area, it is deteremined that the land value is to be adjusted for topography, location, use and/or size considerations. ",Miguel Carrillo ,Granted in full ,19% on FCV / 15% on LPV,19,15,Granted in Full,Granted in Full
2012,4/24/2011,102-01-098D,VETERANS/SEPT'04,N/A,"No buss. in Nogales can sale for 500,000 for lack of buss. This property is a self serve car wash value at 399,864 please review value",Market Sales Approach,Delta Properties LLP,300000,300000,367965,367965,,,N/A,N/A,N/A,,,,,
2012,4/24/2011,103-23-265A,MONTE CARLO APTS,N/A,Location is number 1 reason for valu. Vacancy rate apts. is over 50% due to location. ,N/A,Ma-thena Properties LLP,900602,900602,800000,800000,,,N/A,N/A,N/A,,,,,
2002,4/30/2011,105-20-004,MORGAN,Commercial/Industrial,"New warehouse. No changes done to merit 143,000 increase in one year. No market to support the assessors increase. ",Market,Dino (Delta Properties LLP),2477450,2423987,2620819,2530773,2477450,2392330,Change full case value to previous years full cash value. No sales of comparable properties in market area. ,Pablo A Ramos. ,Granted in full ,5% on FCV / 5% on LPV,5,5,Granted in Full,Granted in Full
2013,4/4/2012,113-46-051,La Quinta II Lot 1,N/A,N/A,Market Sales Approach,Delta Properties LLP,4000000,4000000,4404648,3568439,2623722,2623722,"Adjusted. After further review of additional information, a field visit and/or ",Miguel Carrillo ,Granted in full ,40% on FCV / 26% on LPV,40,26,Granted in Full,Granted in Full
2013,4/4/2012,102-01-074,DEL TA PROP. LLP,N/A,N/A,Market ,Delta Properties LLP,1800000,1800000,2377711,2377711,1812852,1812852,Adjusted. The current improvement value reflects depreciation for age and condition. ,Miguel Carrillo ,Granted in part ,Very close to Granted in Full; (24% reduced on FCV and on LPV),24,24,Granted in Part,Granted in Part
2013,4/4/2012,102-01-089,RRR LOT C - 2047 OCEAN GARDEN DR,N/A,N/A,N/A,Delta Properties LLP,300000,300000,363832,363832,282124,282124,Adjusted. The current improvement value reflects depreciation for age and condition. ,Miguel Carrillo,Granted in full ,22% on FCV / 22% on LPV,22,22,Granted in Full,Granted in Full
2013,4/4/2012,102-04-048A,MIP II - 1140 W MARIPOSA IND PARK DR,N/A,N/A,Cost ,Delta Properties LLP,442066,399095,569139,399095,489094,489094,Adjusted. The full cash value has been adjusted for additional depreciation due to conditions unique to the subject property. ,Miguel Carrillo,Granted in part ,Very limited reduction of 14% on FCV and 18% increase on LPV,14,18,Granted in Part,Granted in Part
2013,4/4/2012,102-06-036,UNABLE TO IDENTIFY ,N/A,N/A,Market Sales Approach,Delta Properties LLP,2800000,2800000,3473632,3473632,2735647,2735647,Adjusted. The Full Cash Value has been adjusted for additional depreciation due to conditions unique to the subject property. ,Miguel Carrillo,Granted in full ,21% on FCV / 21% on LPV,21,21,Granted in Full,Granted in Full
2013,4/4/2012,102-01-036B,2085 N GRAND/MINI STORAGE,N/A,N/A,Cost,Delta Properties LLP,1250000,1250000,1444685,1444685,1215460,1215460,Adjusted. The current improvement value reflects depreciation for age and condition. ,Miguel A. Carrillo ,Granted in full ,16% on FCV / 16% on LPV,16,16,Granted in Full,Granted in Full
2014,3/29/2013,107-78-094B,jWINDEMERE HOTEL,Commercial/Industrial,"Due to DPT of Defence changes, income was reduced in 2012 by 50% as compared to 2011. (attached) also, sales of properties for 2021 were reduced by almost 50%, from what they sold four years ago (attached). We listed the hotel at $5 million with a company in phoenix (attached). The only offer we have recieved wsa for $4 million with carry on financing (not allowed by mortgatge of $5.2). ",Market sales approach,Delta Properties LLP,4500000,4500000,6493000,6493000,4500000,4500000,See attached,Terry Anderson,Granted in full ,31% on FCV / 31% on LPV,31,31,Granted in Full,Granted in Full
2014,4/25/2013,101-43-108A,WS Apts,Commercial/Industrial,No sales of apts. Similar to subject in the previous 5 yrs or more. Old apts with window and tooling. No control heat. Cheap rent most of the yr vacant due to economy. ,Market,Dino Panousopouls,90000,90000,122170,99444,90265,90265,The full cash value has been adjusted for additional depreciation due to conditions u to the subject property. ,Edmo Acuna,Granted in Part,Very close to Granted in Full; off by $265; (26.2% reduced on FCV / 10% reduced on LPV),26.2,10,Granted in Part,Granted in Part
2014,4/25/2013,102-01-035,1967 N. Grand ,Commercial/Industrial,Cost Approach ,Market,Dino Panousopouls,1000000,1000000,2518111,2518111,1914889,1914889,Adjusted. The Full Cash Value has been adjusted for additional depreciation due to conditions unique to the subject property. ,Miguel Carrillo,Granted in Part,Half-Way in between request and outcome (24% reducted on both FCV and LPV),24,24,Granted in Part,Granted in Part
2014,4/25/2013,103-23-265A,MONTE CARLO APTS,Commercial/Industrial,"Apartments at wrong location. Can't sell, can't rent. ",Market Sales Approach,Ma-thena Properties LLP,500000,500000,840176,840176,623568,623568,Adjusted. The Full Cash Value has been adjusted as a result of a recent re-evaluation. An adjustement is warranted.  ,Edmo Acuna,Granted in Part,Half-Way in between request and outcome (26% reducted on FCV and 26% on LPV),26,26,Granted in Part,Granted in Part
2014,4/25/2013,105-22-023,DRIVE INN,N/A,N/A,Market,Delta Properties LLP,2000000,2000000,2210673,2210673,2084760,2084760,Adjusted. The Full Cash Value has been adjusted for additional depreciation due to conditions unique to the subject property. ,Miguel Carrillo,Granted in part,Very limited reduction of 6% on FCV and on LPV,6,6,Granted in Part,Granted in Part
2014,4/25/2013,113-49-019B,113-49-019B,Commercial/Industrial ,"This is the old ind. Park with very old construction. Buildings are not to now building copes. Streets are in very bad shape minimum rent, wrong location. This building is due to some kind of economic break",Market,Delta Properties LLP,900000,900000,952805,952805,883328,883328,"Adjusted. The Full Cash Value has been adjusted for additional depreciation due to conditions unique to the subject property.  113-49-019E, 113-49-019H, 113-49024A & 13-49-024B Adjusted. The current improvement value reflects depreciation for age and condition. ",Miguel Carrillo,Granted in full ,25% on FCV / 7% on LPV,25,7,Granted in Full,Granted in Full
2015,4/17/2014,113-46-051,La Quinta II Lot 1,N/A,N/A,Market Sales Approach,Delta Properties LLP,2623722,2623722,3027579,2754908,2623722,2623722,"Adjusted. After further review of additional information, a field visit and/or aerial image inspection of the area, it is determined tha the land value is to be adjusted for topography, location, use and/or size considerations. ",Miguel Carrillo ,Granted in full ,13% on FCV / 5% on LPV,13,5,Granted in Full,Granted in Full
2015,4/17/2014,105-28-017A,VEGGIES - 270 W PRODUCE RD' POSIBL YA SELL ; $,N/A,N/A,N/A,Panousopoulos Constantine,300000,300000,344936,323560,236040,236040,Adjusted. Depreciation for age and condition. The current improvement value reflects depreciation for age and condition. ,Miguel Carrillo,Granted in full ,32% on FCV / 27% on LPV,32,27,Granted in Full,Granted in Full
2015,4/17/2014,102-13-019A,BV HOUSE,N/A,N/A,Market Sales Approach,Panousopoulos Theodoro,190000,190000,221588,203643,200000,200000,FCV adjusted to conform with market. The Assessor's Full Cash Value has been adjusted to conform to current market values in the subject area. ,Edmo Acuna,Granted in part ,Half-Way in between request and outcome (10% on FCV and 2%  on LPV),10,2,Granted in Part,Granted in Part
2015,4/17/2014,124-01-064,414 VIA CALANDRIA,N/A,N/A,N/A,Delta Properties LLP,140000,140000,184825,155099,145538,145538,Adjusted. Depreciation due to unique conditions. The Full Cash Value has been adjusted for additional depreciation due to conditions unique to the subject property. ,Miguel Carrillo,Granted in part ,Very close to Granted in Full; (21% reduced on FCV and 6% on LPV),21,6,Granted in Part,Granted in Part
2015,4/17/2014,102-01-089,RRR LOT C - 2047 OCEAN GARDEN DR,N/A,N/A,Market Sales Approach,Delta Properties LLP,282000,282000,329402,329402,282124,282124,"FCV has been adjusted to reflect owners estimate. The Assessors Full Cash Value has been adjusted to reflect the owner's estimate of value per ARS42-16056.A. If the Assessor grans the requested relief, the Petitioner may not appeal the ruling. ",Miguel Carrillo,Granted in part ,Very close to Granted in Full; (14% reduced on FCV and on LPV),14,14,Granted in Part,Granted in Part
2015,4/17/2014,102-04-048A,MIP II - 1140 W MARIPOSA IND PARK DR,N/A,N/A,Market Sales Approach,Delta Properties LLP,489000,489000,565084,437841,489094,437842,"Adjusted. FCV has been adjusted to reflect owner's estimate. The Assessor's Full Cash Value has been adjusted to reflect the owner's estimate of value per ARS42-16056.A. If the Assessor grants the requested relief, the Petitioner may bot appeal the ruling. ",Miguel Carrillo,Granted in full ,13% on FCV / no change on LPV,13,0,Granted in Full,Granted in Full
2015,4/17/2014,102-06-036,UNABLE TO IDENTIFY ,N/A,N/A,Market Sales Approach,Delta Properties LLP,2000000,2000000,2807789,2807789,2807789,2807789,"No change. No longer the legal owner as of June 11, 2014 per reception Number 2014-3369.",Miguel Carrillo,No change,,0,0,No Change,No Change
2015,4/17/2014,102-13-020,BV APTS · 311 N MCNAB DR,N/A,N/A,Market Sales Approach,Delta Properties LLP,900000,900000,975637,975637,975637,975637,No change. Fair and equitable. Property was reviewed. Property is valued fair and equitable. No change recommeneded. ,Miguel Carrillo,No change,,0,0,No Change,No Change
2016,4/25/2015,102-04-044C,MIP 111- 1441 N IND PRK DR,N/A,"The oldest industrial park, very old building, not a good market for them or to be rented out, no reason for a increase (no comparable sales)",N/A,Delta Properties LLP,,,,,,,(See attached for further information),Miguel Carrillo,N/A,,,,,
2016,4/28/2015,105-20-010,PK FIELDS - OLD TUCSON HWY,N/A,"Same use for the past 26 yrs. Same improvements, no change, no reason for increase. ",N/A,Delta Properties LLP,120000,120000,223903,223095,223903,223095,No change. Current building costs and/or sales support the Assessors value. ,Sergio Corella,No change,,0,0,No Change,No Change
2016,4/28/2015,105-28-017B,VEGGIES - 270 W PRODUCE RD' POSIBL YA SELL ;,Commercial/Industrial,"Very old house, lower roof line or interior wall height for better use has been empty for 2 yrs. No increase because no market with similar properties. ",N/A,Panousopoulos Constantine,247842,247842,286296,247842,247842,247842,The current improvement value reflects depreciation for age and condition.,Miguel Carrillo ,Granted in part ,13% on FCV / no change on LPV,13,0,Granted in Part,Granted in Part
2016,4/28/2015,140-01-005,COMBATE (K&F)- 9 OJO CT,Commercial/Industrial,"This is not a produce warehouse, is not similar use of property. No sales. ",N/A,Theta Properties LLP,450000,450000,611945,433083,488994,433083,"After further review of additional information, a field visit and/or aerial image inspection of the area, it is determined that the land value is to be adjusted for topograpy, location, use and/or size considerations. ",Miguel Carrillo,Granted in part ,Very close to Granted in Full; (20% reduced on FCV and no change on LPV),20,0,Granted in Part,Granted in Part
2016,4/28/2015,105-28-017A,VEGGIES - 270 W PRODUCE RD' POSIBL YA SELL ; $,Commercial/Industrial,"Very old warehouse, lower roof line or interior wall height for better use has been empty for 2 yrs. No increase because no market with similar properties. ",N/A,Panousopoulos Constantine,247842,247842,286296,247842,254094,247842,The current improvement value reflects depreciation for age and condition.,Miguel A. Carrillo ,Granted in full ,11% on FCV / no change on LPV,11,0,Granted in Full,Granted in Full
2016,4/28/2015,105-24-002,FLAGSTONE APTS/OFFICES 2841 N GRAND AVE,Commercial/Industrial,"Single bedroom apts. Old motel on flood zone, no market for this kind of property",N/A,Delta Properties LLP,344122,344122,365505,344122,365505,344122,Property was reviewed. Property is valued for and equitable. No change recommended. ,Miguel A. Carrillo ,No change,,0,0,No Change,No Change
2016,4/28/2015,105-28-016,VOHLAND - 274 W PRODUCE ROW,Commercial/Industrial,"Very old warehouse, lower roof line or interior wall height for better use has been empty for 2 yrs. No increase because no market with similar properties. ",Market Sales Approach,Panousopoulos Constantine,383341,383341,451616,383341,406424,383341,The full cash value has been adjusted for additional depreciation due to conditions unique to the subject property. ,Miguel Carrillo,Granted in part ,Very limited reduction of 10% on FCV and no change on LPV,10,0,Granted in Part,Granted in Part
2016,4/28/2015,103-10-024A,K RANCH-870 N PERKINS AVE,Commercial/Industrial,"268 @ grazing for the past 26 yrs. No change on use of property, qualifies for grazing rate. No change to improvements",N/A,Delta Properties LLP,271941,271941,291632,285538,291632,285538,Property was reviewed. No change. Property is valued fair and equitable. Increase was due to market adjustment. Adjustements are needed to keepup with current market. ,Sergio Corella,No change,,0,0,No Change,No Change
2016,4/28/2015,112-12-0993,UNABLE TO IDENTIFY ,Commercial/Industrial,"Mini market in the Tubac area not a super market no sale to compare. No similar properties have sold in the past 10 yrs. No reason for a 300,000 increase. ",Market Sales Approach,Delta Properties LLP,491114,491114,739133,419114,739133,419114,"No change. Property was reviewed. The increase in Full Cash Value resulted from an increase in land values, market, and construction costs. The assessor's full cash value is synonoymous with market value per ARS 42-11001(5). Sales of comparable properties support the assessors full cash value. No change recommended. ",Miguel A. Carrillo ,No change,,0,0,No Change,No Change
2016,4/28/2015,113-45-165A,FAIRWAY-PROTECH/OCT'04 - 3975 FAIRWAY DR,Commercial/Industrial,Empty for 1 1/2 yrs. Manufucture warehouse. ,Market Sales Approach,Delta Properties LLP,812157,812157,840830,812157,813246,812157,The full cash value has been adjusted for additional depreciation due to conditions unique to the subject property. ,Miguel Carrillo,Granted in part ,Very limited reduction of 3% on FCV and no change on LPV,3,0,Granted in Part,Granted in Part
2016,4/28/2015,105-26-034,PATE - 513 N VALLE VERDE DR,Commercial/Industrial,Office building @ 70% vacant even with lower. The monthly rent building next for sale and no offers of any price.,N/A,Theta Properties LLP,160000,160000,231201,151436,157228,151436,The full cash value has been adjusted for additional depreciation due to conditions unique to the subject property. ,Miguel Carrillo,Granted in part ,32% on FCV / no change on LPV,32,0,Granted in Part,Granted in Part
2017,4/20/2016,105-20-010-7,PK FIELDS - OLD TUCSON HWY,N/A,N/A,N/A,Delta Properties LLP,300000,300000,489815,422346,489815,422347,The improvements are listed and graded in accordance with the in accordance with the Department of Revenue Guidelines and Directives. The improvements value is deemed appropriate and conforms to similar properties. No cost or market information was provided to substantiate your opinion of value. ,Luz V. Lopez,no change,,0,0,No Change,No Change
2017,4/20/2016,105-21-001,PK MCCOY -LUTERAN CHURCH,N/A,"Old house @ sometime was used for office now cannot rent this building for office or resident has been vacant for over four years. No reason for an increase, no sales in the area. ",Market Sales Approach,Panousopoulos Scholastic Chari,74000,74000,96388,77758,96388,77759,The limited property value on your parcel has been reviewed. The Limited Property Value has been calculated pursuant to ARS 42-13301 (A). The Limited Property Value on your valuation is the valuation year plus five percent of that value. Limited Property ,Miguel Carrillo,No change,,0,0,No Change,No Change
2017,4/20/2016,102-06-017,130 W. WHITE RD./SONIC P 5/14/09,N/A,Vacant for five years (rented out for one year at a minimal rent). ,Market Sales Approach,Delta Properties LLP,300000,300000,325605,325605,293589,293589,The Full Cash Value has been adjusted for additional depreciation due to conditions unique to the subject property. ,Miguel Carrillo ,Granted in full ,10% on FCV / 10% on LPV,10,10,Granted in Full,Granted in Full
2017,4/20/2016,105-20-009C,PK OLD HSE ' · 50 NIKOS WAY,N/A,"Old Pete Kitchen house, historical property, no change or improvements done. Does not merit an increase of 30,000 in one year. ",Market Sales Approach,Delta Properties LLP,112000,112000,145485,118064,121451,118064,The Full Cash Value has been adjusted for additional depreciation due to conditions unique to the subject property,Luz V. Lopez,Granted in part ,Very close to Granted in Full; (17% reduced on FCV and no change on LPV),17,0,Granted in Part,Granted in Part
2017,4/20/2016,105-20-009K,CASITA PROKTER/NIKOS WAY,N/A,"This is the old procter home, it is about 80 years old, made of mud adobe, no change. Unfair increase of $12,000 in one year. ",Market Sales ,Delta Properties LLP,90000,90000,107604,94018,85277,85277,The Full Cash Value has been adjusted for additional depreciation due to conditions unique to subject property. ,Luz V. Lopez,Granted in full ,21% on FCV / 9% on LPV,21,9,Granted in Full,Granted in Full
2017,4/20/2016,105-28-017A,VEGGIES - 270 W PRODUCE RD' POSIBL YA SELL ; $,N/A,"1/2 or more of the building sits on railroad property, the other 1/4 sits in the Nogales wash. 100% on flood way. ",Market Sales Approach ,Panousopoulos Constantine,200000,200000,254000,254094,237977,237977,"After further review of additional information, a field visit and/or aerial image inspection of the area, it is determined that the land value is to be adjusted for topograpy, location, use and/or size considerations. ",Miguel Carrillo,Granted in part ,Half-Way in between request and outcome (6% on FCV and on LPV),6,6,Granted in Part,Granted in Part
2017,4/20/2016,105-24-002,FLAGSTONE APTS/OFFICES 2841 N GRAND AVE,N/A,Resturant closed or vacant for over one year. Studios are 50% vacant. No need or demand for studios in the Nogales area. ,Market Sales Approach ,Delta Properties LLP,300000,300000,412798,361329,412798,361329,Property was reviewed. Property is valued fair and equitable. No change recommended. ,Miguel Carrillo,No change,,0,0,No Change,No Change
2017,4/20/2016,105-28-016,VOHLAND - 274 W PRODUCE ROW,N/A,"Half or more of the building sits on railroad property, the other 1/4 sits on the Nogales wash. 100% on flood way. ",Market Sales Approach,Panousopoulos Constantine,380000,380000,406424,402508,384644,384644,"After further review of additional information, a field visit and/or aerial image inspection of the area, it is determined that the land value is to be adjusted for topograpy, location, use and/or size considerations. ",Miguel Carrillo,Granted in part ,Very close to Granted in Full; (5% reduced on FCV and 4% on LPV),5,4,Granted in Part,Granted in Part
2018,4/25/2017,102-01-038,LAS PALMAS,Commercial/Industrial,Some remodeling done to office area. The rest is the same - building is 40 years old. Building sits in the flood way on both sides - Monte Carlo wash and the Nogales wash. No market for produce warehouse - can't rent due to location. $3.1M value is not justified. ,Market Sales Approach,Delta Properties LLP,566000,566000,3168171,594524,3168171,594523,The limited property value on your parcel has been reviewed. The Limited Property Value has been calculated pursuant to ARS 42-13301 (A). The Limited Property Value on your valuation is the valuation year plus five percent of that value. Limited Property Value shall not exceed the current Full Cash Value. ,Miguel Carrillo,No change,,0,0,No Change,No Change
2018,4/25/2017,105-20-004,MORGAN,Commercial/Industrial,100% of property in flood way. Nogales wash and Potrero wash. ,Market ,Delta Properties LLP,2500000,2500000,2632461,2632461,2542340,2542340,"After further review of additional information, a field visit and/or aerial image inspection of the area, it is determined that the land value is to be adjusted for topograpy, location, use and/or size considerations. ",Miguel A. Carrillo ,Granted in Part,Very limited reduction of 3% on FCV and  LPV,3,3,Granted in Part,Granted in Part
2018,4/25/2017,105-20-010-7,PK FIELDS - OLD TUCSON HWY,Vacant Land,Vacant land - 30 acres or more are in the flood way. Half of the parcel not buildable at all. ,Market,Delta Properties LLP,422000,422000,650860,567090,650860,567090,Property was reviewed. Property is valued fair and equitable. No change recommended. ,Edmo Acuna,no change,,0,0,No Change,No Change
2018,4/25/2017,113-45-367,MH - 1310 FAIRWAY ,Commercial/Industrial ,Very old building - 60 years old. It needs too much work - will cost $800k to be up to code. Empty for 12 years now it is 70% vacant. ,Market,Delta Properties LLP,1000000,1000000,1218170,1142784,1218170,1142784,No change. The limited property value on your parcel has been reviewed. The limited property value has been calculated pursuant to ARS 42-13301(A). The limited property value on your valuation is the limited property value of the property in the preceding year plus five percent of that value. Limited property value shall not exceed the current full cash value valuation. ,Miguel A. Carrillo ,No change,,0,0,No Change,No Change
2018,4/25/2017,113-49-019B,N I P - 225 N FREEPORT DR {DAVIDS),Commercial/Industrial ,Very old warehouse with wood trusses - low wall height - very difficult to rent. Rents are at very low rate. Can't sell - no buyers for this type of buildings. ,Market Sales,Delta Properties LLP,822000,822000,869501,863295,822185,822185,The full cash value has been adjusted for additional depreciation due to conditions unique to the subject property. ,Miguel A. Carrillo ,Granted in part ,Very close to Granted in Full; (5% reduced on FCV and on LPV),5,5,Granted in Part,Granted in Part
2018,4/25/2017,113-49-024B,NI P - 149 N FREEPORT DR (PALLETUSMEX),Commercial/Industrial ,Very old warehouse with wood trusses - low wall height - very difficult to rent. Rents are at very low rate. Can't sell - no buyers for this type of buildings. ,Market,Delta Properties LLP,2394000,2394000,5087517,2514397,5087517,2514398,The limited property value on your parcel has been reviewed. The Limited Property Value has been calculated pursuant to ARS 42-13301 (A). The Limited Property Value on your valuation is the valuation year plus five percent of that value. Limited Property ,Miguel A. Carrillo ,No change,,0,0,No Change,No Change
2018,4/25/2017,113-46-051,La Quinta II Lot 1,Commercial/industrial,100% of warehouse is in flood way. Now at 50% vacancy. Very hard to sell or rent. ,Market Sales Approach,Delta Properties LLP,2600000,2600000,3027579,2754908,2623722,2623722,Property was reviewed. An adjustment is warranted. Return to prior year valuation per ARS 42-16002.,Miguel A. Carrillo ,Granted in part ,Very close to Granted in Full; (14% reduced on FCV and 5% on LPV),14,5,Granted in Part,Granted in Part
2018,4/25/2017,105-20-010,PK FIELDS - OLD TUCSON HWY,Vacant land,Vacant land - 30 acres or more are in the flood way. Half of the parcel not buildable at all. ,Market Sales Approach,Delta Properties LLP,422000,422000,650860,567090,650860,567090,Property was reviewed. Property is valued fair and equitable. No change recommended. ,Edmo Acuna,No change,,0,0,No Change,No Change
2018,4/25/2017,102-01-074C,DEL TA PROP. LLP,Commercial/Industrial,Shopping center at 33% vacancy due to economic distress in the Nogales area and 40% of property in sales. ,Market Sales Approach ,Delta Properties LLP,3000000,3000000,3367273,3253919,3129585,3129585,The Full Cash Value has been adjusted for additional depreciation due to conditions unique to the subject property. ,Miguel A. Carrillo ,Granted in part ,Half-Way in between request and outcome (7% on FCV and 4% on LPV),7,4,Granted in Part,Granted in Part
2018,4/25/2017,105-24-002,FLAGSTONE APTS/OFFICES 2841 N GRAND AVE,Other - Motel ,old motel - in the flood plain. Used for studios - rent comes with utilites. Based on what can this property increase in value?,Market Sales Approach ,Delta Properties LLP,400000,400000,465854,379397,428922,379397,The Full Cash Value has been adjusted for additional depreciation due to conditions unique to the subject property. ,Miguel A. Carrillo ,Granted in part ,Half-Way in between request and outcome (8% on FCV and no change on LPV),8,0,Granted in Part,Granted in Part
2018,4/25/2017,103-10-024A,K RANCH-870 N PERKINS AVE,Agricultural,Most of the parcel use is for grazing. Houses are very old. No sales/ No rents (no increase),Market Sales Approach,Delta Properties LLP,250000,250000,344978,291389,291389,291389,The current improvement value reflects depreciation for age and condition.,Edmo Acuna,Granted in part ,Very limited reduction of 15% on FCV and no change on LPV,15,0,Granted in Part,Granted in Part
2018,4/25/2017,113-45-165A,FAIRWAY-PROTECH/OCT'04 - 3975 FAIRWAY DR,Commercial/Industrial,old manufacturing warehouse. Rents have not increased in the past 7 years. Low rent to keep occupied. ,Market Sales Approach,Delta Properties LLP,813000,813000,869966,853908,813246,813246,Property was reviewed. An adjustment is warranted. Return to prior year valuation per ARS 42-16002.,Miguel A. Carrillo ,Granted in part ,Very limited reduction of 3% on FCV and no change on LPV,3,0,Granted in Part,Granted in Part
2018,4/25/2017,102-04-052,MIP IV - 1171 INDUSTRIAL PARK,Commercial/Industrial,Old warehouse in use for distribution of dry goods - not a produce warehouse. ,Market Sales Approach ,Delta Properties LLP,537000,537000,589358,564731,537839,537839,The Full Cash Value has been adjusted for additional depreciation due to conditions unique to the subect property. ,Miguel A. Carrillo ,Granted in part ,Very close to Granted in Full; (9% reduced on FCV and 5% on LPV),9,5,Granted in Part,Granted in Part
2018,4/25/2017,102-04-043A,MIP 1-1481 N IND PK DR,Commercial/Industrial,Very old warehouse in the wrong location. Low rent - has not increased for the past 3 years. ,Market Sales Approach ,Delta Properties LLP,612000,612000,670575,643610,612692,612692,The Full Cash Value has been adjusted for additional depreciation due to conditions unique to the subject property. ,Miguel A. Carrillo ,Granted in part ,Very close to Granted in Full; (9% reduced on FCV and 5% on LPV),9,5,Granted in Part,Granted in Part
2018,4/25/2017,102-04-024A,MIP II - 1200 W IND PK DR,Commercial/Industrial,Very old warehouse in the wrong location. Low rent - has not increased for the past 3 years. ,Market Sales Approach ,Delta Properties LLP,1300000,1300000,1409094,1409094,1349038,1349038,The Full Cash Value has been adjusted for additional depreciation due to conditions unique to the subject property. ,Miguel A. Carrillo ,Granted in part ,Half-Way in between request and outcome (4% on FCV and   on LPV),4,4,Granted in Part,Granted in Part
2018,4/25/2017,113-49-019E,N I P - 92 N FREEPORT DR,Commercial/Industrial,Very old warehouse with wood trusses - low wall height - very difficult to rent. Rents are at very low rate. Can't sell - no buyers for this type of buildings. ,Market Sales Approach ,Delta Properties LLP,1000000,1000000,1072844,1058379,1072844,1058379,Property was reviewed. Property is valued fair and equitable. No change recommended. Already given economic obsolescence. ,Miguel A. Carrillo ,No change ,,0,0,No Change,No Change
2018,4/25/2017,113-49-019G,NIP - 150 FREEPORT DR,Commercial/Industrial,Very old warehouse with wood trusses - low wall height - very difficult to rent. Rents are at very low rate. Can't sell - no buyers for this type of buildings. ,Market Sales Approach ,Delta Properties LLP,329000,329000,346809,346291,329636,329636,The full cash value has been adjusted for additional depreciation due to conditions unique to the subject property. Given economic obsolescence.  ,Miguel A. Carrillo ,Granted in part ,Very close to Granted in Full; (5% reduced on FCV and on LPV),5,5,Granted in Part,Granted in Part
2018,4/25/2017,103-06-007,ESCALADNOASIS,Agricultural,Grazing for the Escalada Cattle Co.  - part of the Escalada Ranch. Lease in Assessors file,Market Sales Approach ,Delta Properties LLP,4379,4169,4379,4379,4379,4167,"After further review it has been determined tha the petitioned parcels are being utilized for agriculutral purposes, and all requirements have been met. Agricultural status will be granted at the agricultural per acre value for that area and/or use. ",Edmo Acuna,Granted in full ,No change on FCV / 5% on LPV,0,5,Granted in Full,Granted in Full
2018,4/26/2017,105-21-001,PK MCCOY -LUTERAN CHURCH,Residential ,Old big house with no insulation. Cannot be rented as a house - cannot be rented for office. It is being used by non-profit organization (Luteran Church).,Market Sales Approach,Panousopoulos Scholastic Chari,77000,77000,98149,81646,98149,81646,The limited property value on your parcel has been reviewed. The Limited Property Value has been calculated pursuant to ARS 42-13301 (A). The Limited Property Value on your valuation is the valuation year plus five percent of that value. Limited Property ,Miguel A. Carrillo ,No change,,0,0,No Change,No Change
2019,4/16/2018,113-49-024B,NI P - 149 N FREEPORT DR (PALLETUSMEX),Commercial/Industrial ,Front building in 80% vacant - vacant for the past three years. No market for small warehouse ,Market,Delta Properties LLP,5000000,5000000,5139195,2640118,5113508,2640118,The full cash value has been adjusted as a result of a recent re-evaluation. An adjustment is warranted. Adjusted improvement No. 1 LPV increased only 5%. Based on A.R.S. 4-13301(A),Miguel A. Carrillo ,No change,,0,0,No Change,No Change
2019,4/16/2018,113-49-013B,UNABLE TO IDENTIFY ,Commercial/industrial,"No market, no sales, to any sinulae properties in area. No reason for a $270k increase to property. No improvements to building or changes in area to merit the incease. ",Market Sales Approach,Delta Properties LLP,5100000,5100000,5837707,5548440,5243490,5243490,Change. The full cash value has been adjusted as a result of a recent re-evaluation. An adjustment is warranted. ,Miguel A. Carrillo ,Granted in part ,Very close to Granted in Full; (10% reduced on FCV and 5% on LPV),10,5,Granted in Part,Granted in Part
2019,4/16/2018,105-28-017A,VEGGIES - 270 W PRODUCE RD' POSIBL YA SELL ; $,Commercial/Industrial,3/4 of property on railroad. We pay rent to railroad. Warehouse has been vacant for two years. No offers whatsoever have been made. (not produce warehouse),Market Sales Approach ,Panousopoulos Constantine,250000,250000,287758,249876,253651,249876,"After further review of additional information, a field visit and/or aerial image inspection of the area, it is determined that the land value is to be adjusted for topograpy, location, use and/or size considerations. ",Miguel A. Carrillo ,Granted in part ,Very close to Granted in Full; (30% reduced on FCV and 25% on LPV),30,25,Granted in Part,Granted in Part
2019,4/16/2018,105-28-016,VOHLAND - 274 W PRODUCE ROW,Commercial/Industrial,"3/4 of building is on railroad property. We pay rent to railroad. Building leased to food bank (non-profit) low rent, check maps please",Market Sales Approach,Panousopoulos Constantine,300000,300000,423405,404065,350497,350497,"After further review of additional information, a field visit and/or aerial image inspection of the area, it is determined that the land value is to be adjusted for topograpy, location, use and/or size considerations. ",Miguel A. Carrillo ,Granted in part ,Half-Way in between request and outcome (17% on FCV and 13%  on LPV),17,13,Granted in Part,Granted in Part
2020,4/17/2019,105-20-004,MORGAN,Commercial/Industrial,Warehouse sits in flood way. When this warehouse was built it was in flood zone and it is now in the flood way. Market for buildings sit in flood way. Do not increase due to liability. No reason for increase. ,Market,Delta Properties LLP,2500000,2500000,3541823,2669457,2457654,2457654,"After further review of additional information, a field visit and/or aerial image inspection of the area, it is determined that the land value is to be adjusted for topograpy, location, use and/or size considerations. ",Miguel A. Carrillo ,Granted in full ,31% on FCV / 8% on LPV,31,8,Granted in Full,Granted in Full
2020,4/17/2019,105-22-023,DRIVE INN,Commerical/Industrial,Property in flood as per flood control. No wits in flood way even with a 4' dock. No increase on value. ,Market,Delta Properties LLP,2300000,2300000,2929400,2413370,2202386,2202386,"After further review of additional information, a field visit and/or aerial image inspection of the area, it is determined that the land value is to be adjusted for topograpy, location, use and/or size considerations. ",Miguel A. Carrillo ,Granted in full ,25% on FCV / 9% on LPV,25,9,Granted in Full,Granted in Full
2020,4/17/2019,113-45-367,MH - 1310 FAIRWAY ,Commercial/Industrial ,Four years empty. As per ADQ lots are not testing inside warehouse (57 holes to be drilled). No rents,Market,Delta Properties LLP,800000,800000,1269646,1259919,880657,880657,The full cash value has been adjusted for additional depreciation due to conditions u to the subject property. Applying functional obsolescence.,Miguel A. Carrillo ,Granted in part ,Very close to Granted in Full; (30% reduced on FCV and on LPV),30,30,Granted in Part,Granted in Part
2020,4/17/2019,112-46-011,UNABLE TO IDENTIFY ,Vacant Land,Vacant land used part of the D-bar Lazy Y Ranch for many years,Market Sales Approach,Delta Properties LLP,20000,20000,56782,56782,56782,56782,No change. No cost or market information was provided to substantiate your opinion on value. ,Edmo Acuna ,No change,,0,0,No Change,No Change
2020,4/17/2019,113-46-051,La Quinta II Lot 1,Commercial/industrial,"No reason for an increase on full cash value due to no sales or any comprables. This building sits on the flood plane and insurance cost is over $35,000 per year. No bank will finance ",Market Sales Approach,Delta Properties LLP,2500000,2500000,3027579,2754908,2624633,2624633,The full cash value has been adjusted for additional depreciation due to conditions unique to the subject property. ,Miguel A. Carrillo ,Granted in part ,Very close to Granted in Full; (13% reduced on FCV and 5% on LPV),13,5,Granted in Part,Granted in Part
2020,4/17/2019,105-28-017B,VEGGIES - 270 W PRODUCE RD' POSIBL YA SELL ;,Vacant Land,Lot I pie shape. Most of the lot is in Rail Road right of way. The other half of the lot is in the Nogales Wash. Not a builable lot at all. No value - wrong purchase. ,Market Sales / Cost Approach,Delta Properties LLP,2500,2500,16988,16988,8494,8494,Market Value is basis for the assessors's valuation. Adjustments are initiated by the Assessor to reflect the range of sales identified within general market areas. Properties under appeal provide an opportunity for an additional analysis of relevant sales. Subsequent to this futher review of comparative sales an adjustment was initiated to reflect current market value at this location. ,Edmo Acuna,Granted in part ,Half-Way in between request and outcome (50% on FCV and on LPV),50,50,Granted in Part,Granted in Part
2020,4/17/2019,105-20-009K,CASITA PROKTER/NIKOS WAY,Other ,Class is owner occupied by part of the family. This house is not for rent - ratio is at 10% - same as land ,Market Sales Approach ,Delta Properties LLP,80000,80000,100599,94018,89867,89867,The full cash value has been adjusted as a result of a recent re-evaluation. It is determined that the assessment ratio is to be adjusted based on occupancy. ,Edmo Acuna,Granted in part ,Very limited reduction of 11% on FCV and 4% on LPV,11,4,Granted in Part,Granted in Part
2020,4/17/2019,102-01-074,DEL TA PROP. LLP,Commercial/Industrial,Very old hotel. Not all rooms are open for rent. Now restaurant and bar are closed. Vacancy is more than 60%. Cannot compete with new hotels in the area. New hotels are large franchise hotels. ,Market Sales Approach ,Theta Properties LLP,1500000,1500000,2453874,2453874,1767458,1549399,The full cash value has been adjusted for additional depreciation due to conditions unique to the subject property. Given economic obsolescence. Limited property value increased 5% based on ARS 42-13301 (A). ,Miguel A. Carrillo ,Granted in part ,Very close to Granted in Full; (28% reduced on FCV and 37% on LPV),28,37,Granted in Part,Granted in Part
2020,4/17/2019,140-01-005,COMBATE (K&F)- 9 OJO CT,Commercial/Industrial,Obsolete building. Building is empty - there is no dock and cannot be used to produce warehouse or any other use. ,Market Sales Approach ,Delta Properties LLP,300000,300000,549040,513444,383855,383855,The full cash value has been adjusted for additional depreciation due to conditions unique to the subject property. Given vacancy obsolescence. ,Miguel A. Carrillo ,Granted in part ,Very close to Granted in Full; (30% reduced on FCV and 25% on LPV),30,25,Granted in Part,Granted in Part
2021,2/24/2020,112-46-011,UNABLE TO IDENTIFY ,Agricultural,Both parcels grazing,N/A,Delta Properties LLP,,,122853,122853,57093,57093,After further review it has been determined that the petitioned parcels are not being utilized for agricultural purposes and/or all requirements have not been met. No change recommended. ,Edmo Acuna ,N/A,,,,,
2021,2/24/2020,102-01-074B,LOMA LINDA MALL LLC,N/A,As per attached info - loss of rents due to economic obsolence and covid19,N/A,Coua Linda,3794699,3794699,4743374,4523767,3817008,3817008,N/A,N/A,Granted in part ,Very close to Granted in Full; (20% reduced on FCV and 16% on LPV),20,16,Granted in Part,Granted in Part
2021,2/24/2020,102-01-074,DEL TA PROP. LLP,N/A,Restaurant closed - Bar closed. Hotel rooms (stolo rented) out of 117 (10% occupancy),N/A,Delta Properties LLP,1253476,1253476,1790681,1626869,1475618,1475618,The Full Cash Value has been adjusted for additional depreciation due to conditions unique to the subject property. Given economic obsolescence. ,Miguel A. Carrillo ,Granted in part ,Half-Way in between request and outcome (18% on FCV and 9% on LPV),18,9,Granted in Part,Granted in Part
2021,2/24/2020,124-03-034,462 AVENIDA DEL PAPALOTE,N/A ,High vacany - lower rates. No justification for increase ,Market Sales Approach ,Delta Properties LLP,,,786887,647301,725786,647301,See attached for more information,Miguel A. Carrillo ,N/A,,,,,
2021,2/24/2020,102-01-036B,2085 N GRAND/MINI STORAGE,N/A,"No changes, lower occupancy. Same rent rates. ",N/A,Delta Properties LLP,1212625,1212625,1247987,1247987,1147831,1147831,The full cash value has been adjusted for additional depreciation due to conditions unique to the subject property. Given vacancy obsolescence. ,Miguel A. Carrillo ,Granted in full ,8% on FCV / 8% on LPV,8,8,Granted in Full,Granted in Full
2021,4/22/2020,113-49-026B,BARRON NIP 100 ACRES,N/A,15 acres split for comercial remaining 85 acres stays grazing ,N/A,Delta Properties LLP,,,,,3379764,3379764,Due to Market Adjustments already applied to the subject property. No further adjustments are necessary. ,Edmo Acuna,N/A,,,,,
2021,4/24/2020,102-01-038,LAS PALMAS,N/A,60 year old building in flood plane. Very little income due to economic obsolescence. ,N/A,Delta Properties LLP,3298144,655461,3437243,688234,3437243,688234,No change. The limited property value on your parcel has been reviewed. Th elimited property value has been calculated pursuant to ARS 42-13301(A). The limited property value on your valuation is the limited property value of the property in the preceding valuation year plus five percent of that value. Limited property value shall not exceed the current full cash value. ,Miguel Carrillo,No change,,0,0,No Change,No Change
2021,4/24/2020,113-49-019B,N I P - 225 N FREEPORT DR {DAVIDS),N/A,Economic obsolecence. Warehouses affected by border problems. Tenants are not paying the rent. Asking for reductions and terms. No increase is justified. ,N/A,Delta Properties LLP,867960,863295,892194,892194,868576,868576,The full cash value has been adjusted for additional depreciation due to conditions unique to the subject property. Applying vacancy obsolescence. ,Miguel A. Carrillo ,Granted in part ,Very close to Granted in Full; (3% reduced on FCV and on LPV),3,3,Granted in Part,Granted in Part
2021,4/24/2020,114-50-012,RIO RICO PLAZA ,N/A,No rent increase also 2 spaces rented to non-profits with church paying little rent and museum none,N/A,Delta Properties LLP,,,1555757,1472058,1413095,1337071,The Full Cash Value has been adjsuted for additional depreciation due to conditions unique to the subject property. Applying vacancy obsolescence. ,Miguel A. Carrillo ,N/A,,,,,
2021,4/24/2020,113-49-013B,UNABLE TO IDENTIFY ,N/A,Construction cost was lower. High vacancy on smaller units. ,Cost Approach,Delta Properties LLP,5522479,5298598,5736152,5563528,5544753,5544753,The full cash value has been adjusted for additional depreciation due to conditions unique to the subject property. ,Miguel A. Carrillo ,Granted in part ,Half-Way in between request and outcome (3% on FCV and .003%on LPV),3,0,Granted in Part,Granted in Part
2021,4/24/2020,105-28-016,VOHLAND - 274 W PRODUCE ROW,N/A,60 year old warehouses in flood plane. 50% railroad owned. We pay rent monthly. One was vacant for three years. The other occupied by food bank. (economic obsolecence),Other,Delta Properties LLP,298028,298028,646342,646342,334161,334161,The full cash value has been adjusted for additional depreciation due to conditions unique to the subject property. Applying economic obsolescence. ,Miguel A. Carrillo ,Granted in part ,Very close to Granted in Full; (49% reduced on FCV and on LPV),49,49,Granted in Part,Granted in Part
2021,4/24/2020,102-01-038,LAS PALMAS/MERCADO - 2050 N SMOKEY LN,N/A,60 year old building in flood plane. Very little income due to economic obsolescence. ,N/A,Delta Properties LLP,3298144,655461,3437243,688234,3437243,688234,No change. The limited property value on your parcel has been reviewed. The limited property value has been calculated pursuant to ARS 42-13301(A). The limited property value on your valuation is the limited property value of the property in the preceding valuation year plus five percent of that value. Limited Property Value shall not exceed the current Full Cash Value. ,Miguel A. Carrillo ,No change ,,0,0,No Change,No Change
2022,3/26/2021,105-20-004,MORGAN,Commercial/Industrial,Warehouse sits on floodway. No improvements can be made due to fema restrictions. Flood insurance is required. Very hard to sell. No reason for full cash value increase. ,Market,Delta Properties LLP,2400000,2400000,2593973,2580537,2413027,2413027,"After further review of additional information, a field visit and/or aerial image inspection of the area, it is determined that the land value is to be adjusted for topograpy, location, use and/or size considerations. ",Miguel A. Carrillo ,Granted in Part,Very close to Granted in Full; (7% reduced on FCV / 6% reduced on LPV),7,6,Granted in Part,Granted in Part
2022,3/26/2021,113-45-367,MH - 1310 FAIRWAY ,Commercial/Industrial ,Very old warehouse - not a produce type warehouse. It is a manfacture warehouse. Empty for many years very hard to lease due to unique design. No comprables to support increase. ,Market,Delta Properties LLP,500000,500000,922249,922249,699858,699858,The full cash value has been adjusted for additional depreciation due to conditions unique to the subject property. ,Miguel A. Carrillo ,Granted in part ,Half-Way in between request and outcome (24% on FCV and on LPV),24,24,Granted in Part,Granted in Part
2022,3/26/2021,102-01-074B,LOMA LINDA MALL LLC,Commercial/Industrial,Economic obsolecense for Covid-19 rent adjustment - no rent for one year. Also adjustment justified due to store vacancies. ,Market Sales Approach ,Lorna Linda Mall LLC,3400000,3400000,3817008,3817008,3541005,3541005,The full cash value has been adjusted for additional depreciation due to conditions unique to the subject property. Applying vacancy obsolescence. ,Miguel A. Carrillo ,Granted in part ,Very close to Granted in Full; (7% reduced on FCV and on LPV),7,7,Granted in Part,Granted in Part
2022,3/26/2021,102-01-074C,DEL TA PROP. LLP,Commercial/Industrial,Economic obsolecense for Covid-19 rent adjustment - no rent for one year. Also adjustment justified due to store vacancies. ,Market Sales Approach ,Delta Properties LLP,2300000,2300000,2752118,2752118,2469030,2469030,The full cash value has been adjusted for additional depreciation due to conditions unique to the subject property. ,Miguel A. Carrillo ,Granted in part ,Half-Way in between request and outcome (10% on FCV and on LPV),10,10,Granted in Part,Granted in Part
2022,3/26/2021,105-20-004A,MORGAN · 30 OLD TUCSON RD,Commercial/Industrial,Warehouse sits on floodway. No improvements can be made due to fema restrictions. Flood insurance is required. Very hard to sell. No reason for full cash value increase. ,Market Sales Approach ,Delta Properties LLP,2400000,2400000,2593973,2580537,2413027,2413027,"After further review of additional information, a field visit and/or aerial image inspection of the area, it is determined that the land value is to be adjusted for topograpy, location, use and/or size considerations. ",Miguel A. Carrillo ,Granted in part ,Very close to Granted in Full; (7% reduced on FCV and 6% on LPV),7,6,Granted in Part,Granted in Part
2022,3/26/2021,102-01-034B,SANCHEZ 156 W MARIPOSA RD,Commercial/Industrial,Economic obsolecense for covid-19 rent adjustment - no rent for one year ,Market Sales Approach ,Delta Properties LLP,360000,360000,470821,470821,411501,395485,The Full Cash Value has been adjusted as a result of a recent re-evaluation. An adjustment is warranted. ,Miguel A. Carrillo ,Granted in part ,Half-Way in between request and outcome (13% on FCV and  16% on LPV),13,16,Granted in Part,Granted in Part
not listed,3/26/2021,102-01-074C,DEL TA PROP. LLP,Commercial/Industrial,Economic obsolecense for Covid-19 rent adjustment - no rent for one year. Also adjustment justified due to store vacancies. ,market sales ,Delta Properties LLP,2300000,2300000,2752118,2752118,2469030,2469030,N/A,N/A,N/A,10% on FCV and on LPV,10,10,,
Not listed,4/8/2021,102-01-035,1967 N. Grand ,Commercial/Industrial,Several charter schools. Did not operate all years $ paid lesser rents,Income ,Delta Properties LLP,3800000,3800000,4304383,4304383,,,N/A,N/A,N/A,,,,,
2022,4/8/2021,103-23-265A,MONTE CARLO APTS,Commercial/Industrial,Apartment rentals value reduced due to Covid-19 & non payment of rents. ,Income ,Ma-thena Properties LLP,560000,560000,671524,671524,568693,568693,The Full Cash Value has been adjsuted as a result of a recent re-evaluation. An adjustment is warranted. Applying vacancy obsolescence.  ,Miguel A. Carrillo ,Granted in Part,Very close to Granted in Full; (15% reduced on FCV and reduced on LPV),15,15,Granted in Part,Granted in Part
Not listed,4/8/2021,105-20-008,CANYON HOUSE/RANCH HOUSE ,Commercial/Industrial,Older house next to a built famuly (old apartment buildings) value has decreased,Market Sales Approach,Delta Properties LLP,400000,400000,446499,446499,682423,446499,N/A,N/A,No change ,,0,0,No Change,No Change
Not listed,4/8/2021,113-49-013B,UNABLE TO IDENTIFY ,Commercial/industrial,Lower values due to border closing and rent discounts,Income Approach,Delta Properties LLP,4250000,4250000,5544753,5544753,5544753,5544753,N/A,N/A,No change,,0,0,No Change,No Change
Not listed,4/8/2021,105-20-010,PK FIELDS - OLD TUCSON HWY,Commercial/industrial,This increase is not justified. No improvements. Same old house.,Income Approach,Delta Properties LLP,600000,600000,942687,689302,942687,689302,N/A,N/A,No change,,0,0,No Change,No Change
Not listed,4/8/2021,113-38-019A,300 OLD TUCSON RD,Commercial/Industrial,covid-19 related problems - value dud not increase devalue due to border closing,Income Approach,Delta Properties LLP,4500000,4500000,4907812,4907812,4907812,4907812,N/A,N/A,No change,,0,0,No Change,No Change
Not listed,4/8/2021,113-38-019B,300 OLD TUCSON RD,Commercial/Industrial,covid-19 related problems - value dud not increase devalue due to border closing,Income Approach,Delta Properties LLP,4500000,4500000,4907812,4907812,4907812,4907812,N/A,N/A,No change,,0,0,No Change,No Change
Not listed,4/8/2021,102-06-018,120 W. WHITE RD./CRISPY F. P.2/17/09,Commercial/Industrial,Resturant closed for over a year. Value should be decreased. ,Income Approach,Delta Properties LLP,250000,250000,362346,362346,362346,362346,N/A,N/A,No change,,0,0,No Change,No Change
Not listed,4/8/2021,102-06-017,130 W. WHITE RD./SONIC P 5/14/09,Commercial/Industrial,Restaurant closed for over a year. Value should be decreased. ,Income Approach,Delta Properties LLP,250000,250000,311656,309420,311656,309420,N/A,N/A,No change,,0,0,No Change,No Change
Not listed,4/8/2021,105-20-009C,PK OLD HSE ' · 50 NIKOS WAY,Commercial/Industrial,A 200 year house & storage used also for worker housing. Both together worth less than shown on value,Income Approach,Delta Properties LLP,215000,215000,463790,441516,463790,441516,N/A,N/A,No change,,0,0,No Change,No Change
not listed,4/8/2021,102-01-012A,UNABLE TO IDENTIFY ,Commercial/Industrial,Building 50% closed for all of last year without income covid-19 related,income,Delta Properties LLP,1250000,1250000,1412938,1412938,1282593,1232675,N/A,N/A,Granted in part ,9% on FCV / 13% on LPV,9,13,Granted in Part,Granted in Part
Not listed,4/8/2021,105-22-008D,BATTING CAGES/MH NORTHCROSS· ADDED 1.30.1,Commercial/Industrial,100% closed for all of 2020 $ 2021 due to covid-19. No income,Income,Delta Properties LLP,125000,125000,197467,197467,166833,166833,N/A,N/A,Granted in part ,16% on FCV / 16% on LPV,16,16,Granted in Part,Granted in Part
2021,2/24/2020,113-49-024B,NI P - 149 N FREEPORT DR (PALLETUSMEX),N/A,Costruction cost was 4 million. No rent increase in 4 years. ,Cost ,Delta Properties LLP,4000000,4000000,5575546,2910730,5575546,2910730,The limited property value on your parcel has been reviewed. The Limited Property Value has been calculated pursuant to ARS 42-13301 (A). The Limited Property Value on your valuation is the valuation year plus five percent of that value. Limited Property ,Edmo Acuna,No change,,0,0,No Change,No Change
2020,Not listed,102-01-035,1967 N. Grand ,Commercial/Industrial,Many flood issues with this property. 80% rented to educational entities. Minimum rent - no market for education campus due to design of buildings. ,Market,Theta Properties LLP,4000000,4000000,4494595,4473078,4151825,4151825,The full cash value has been adjusted for additional description due to conditions unique to the subject property. ,Miguel Carrillo,Granted in Part,Very limited reduction of FCV (8%) / 7% decrease on LPV,8,7,Granted in Part,Granted in Part
