Include,Audited ,Tax Year,Date Filed,Parcel Number,Nickname ,Use of Property,Basis for Petition ,Method of Valuation,Petition Completed by: ,Full Cash Value (FCV) By owner,Limited Property Value (LPV) by owner,FCV by Notice,LPV by Notice,Assessor's Decision (FCV),Assessor's Decision (LPV),Basis for Decision,Reviewed by:,Outcome (i.e. Granted in Full / Granted in Part / No Change),Details of Outcome,FCV % (rounded to nearest percent),LPV % (rounded to nearest percent),outcome_FCV,outcome_LPV,Notes
1,1,1979,3/15/1978,105-22-023,DRIVE INN,N/A,WE did not make any improvements. As a matter of fact the buildings &  equipment are in worse condition now. ,(Review requested for) Improvements ,Stabropulos Tifon - Panosopoulos Atanasio,53220,53220,86891,86891,67320,67320,Flooding problems,N/A,Granted in part,Half-Way in between request and outcome (28% change on Improvements),-0.23,-0.23,Granted in Part,Granted in Part,
1,1,1980,1/19/1979,105-22-023,DRIVE INN,Income Producing,"The buildings are in poor condition. This property is used as a drive in theater and floods when it rains. Due to the poor condition, the drive-in lease has not been renewed. ",(Reason for this Petition) Excessive full cash value and Improvements ,Atanasio  Panosopoulos,37000,37000,84168,84168,47000,47000,"Almost complete economic obsolescence ""300"" income form not filed",N/A,Granted in part,Very close to Granted in Full; (45% reduced on Total),-0.44,-0.44,Granted in Part,Granted in Part,
1,1,1981,2/12/1980,105-22-023,DRIVE INN,Income Producing,Under the terms of the lease the operator pays the taxes. Since both the owner and operator loose money as the situation is now increasing the taxes by 100% will only asure that Nogales will be left without a movie theater. ,(Reason for this Petition) Excessive improvements value.,Stabropulos Tifon,47000,47000,91192,91192,47000,47000,Stated in iIllegable handwriting,N/A,Granted in full ,improvements were granted fully (60%),-0.48,-0.48,Granted in Full,Granted in Full,
1,1,1982,2/12/1981,105-22-023,DRIVE INN,Income Producing,"This property was leased to a Phoenix company, as a drive in theater. They have been loosing money for the last 3 years finally during 1980 they abandoned the property after they pretty much destroyed everything. It does not seem that it will ever operate as a theater. Plans are made to level the building off. your personal inspection would be appreciated. No reason for increase since complete loss of income. ",(Reason for this Petition) Excessive improvements value.,Stabropulos Tifon,52000,52000,135837,135837,129288,129288,Stated in iIllegable handwriting,N/A,Granted in part,"Very limited reduction of 5% on Buildings, Etc. ",-0.05,-0.05,Granted in Part,Granted in Part,
1,1,1984,2/14/1983,105-22-023,DRIVE INN,N/A,Valuation should be lowered and not raised. Last year the only drive-in theater in Nogales was closed because of ever increasing taxation. Now only the little building plus one acre of lamd is used while the remaining 90% of land is vacant. Please compare it to adjacent vacant land. ,(Reason for this Petition) Full Cash Value / Limited Value / Legal Classification,Atanasio  Panosopoulos - Trifon Stabropulos,75000,30000,196549,96055,72593,56493,Improvement recalculated and removed a class 251 and added a class 50 for a new Full Cash Value ,N/A,Granted in part,Fully Granted FCV (63%) and 41% reduction on LPV,-0.63,-0.41,Granted in Part,Granted in Part,
1,1,1985,2/18/1984,105-22-023,DRIVE INN,Commercial ,"This property is well under the ""Flood Plane"" and several times this past year was under water. The tennants have been constantly complaining and not paying the rent. No increase is justified after you check the property. A decrease in valuation will result. Of the 9 acres only 1 1/2 acre is rented. The rest is vacant land mostly under water. ",(Reason for this Petition) Full Cash Value / Limited Value,Atanasio  Panosopoulos - Trifon Stabropulos,63481,49403,85076,58321,70210,54605,"Adjusted land value to 40,320. 20% economic obsolescence allowed for this year only ",N/A,Granted in part,Half-Way in between request and outcome (17% on FCV and 6% on LPV),-0.17,-0.06,Granted in Part,Granted in Part,
1,1,1986,3/1/1985,105-22-023,DRIVE INN,Vacant Land ,"The value should not be increased since the lot has been flooded & tennants have moved out. Only 1/2 acre is used, & even that will be vacant since tenant has not paid rent since 1983. Lot is 95% vacant. ",(Reason for this Petition) Full Cash Value / Limited Value / Legal Classification,Atanasio  Panosopoulos - Trifon Stabropulos,70210,54605,91663,63870,73789,60066,Improvement recalculated. 15% economic obsolescence allowed for this year only. ,N/A,Granted in part,Very close to Granted in Full; (19% reduced on FCV and 6% on LPV),-0.19,-0.06,Granted in Part,Granted in Part,
1,1,1987,2/28/1986,105-20-010-7,PK FIELDS - OLD TUCSON HWY,N/A,No longer 23.5 acres. River claimed several acres last year. I expect a decrease in value and not an increase. ,(Reason for this Petition) Full Cash Value / Limited Value,Dino Panousopouls,35000,35000,43896,43653,35116,35116,Parcel granted 20% topo due to land being in flood plain,N/A,Granted in Part,Very close to Granted in Full; (20% reduced on FCV and on LPV),-0.2,-0.2,Granted in Part,Granted in Part,
1,1,1987,2/28/1986,105-22-023,DRIVE INN,Vacant Land,"The value should not be increase since the lot has been flooded and tennants have moved out. Only 1/2 acre is used, and even that will be vacant since tenant has not paid rent since 1983. Lot is 95% vacant.",(Reason for this Petition) Full Cash Value / Limited Value / Legal Classification,Atanasio  Panosopoulos - Trifon Stabropulos,70210,54605,93217,68354,71901,66703,Land adjusted and 15% ecomnomic obsolescence for this year. ,N/A,Granted in part,Very close to Granted in Full; (23% reduced on FCV and 2% on LPV),-0.23,-0.02,Granted in Part,Granted in Part,
1,1,1988,2/23/1987,105-22-023,DRIVE INN,Vacant Land,In 1986 for the adjacent 1.5 AC paid only $3000.00. That makes this parcel way over valued considering it is below flood plane and vacant land. Please make sure to also change the classification. This is vacant land. ,(Reason for this Petition) Full Cash Value / Limited Value / Legal Classification,Atanasio  Panosopoulos - Trifon Stabropulos,45000,40000,83828,72680,54926,54926,"Parcel field checked 03/10/87 two buildings on parcel changed land value from 34,514 to 24,160 obsolescence applied to both improvements ",N/A,Granted in part,Half-Way in between request and outcome (35% on FCV and 25% on LPV),-0.34,-0.24,Granted in Part,Granted in Part,
0,1,1991,1/24/1990,105-22-023,DRIVE INN,N/A,This parcel is being assessed at 25.0 ass't ratio it is vacant land and should be assessed at 16.0% please correct. This is the old El Rancho Drive-In Theater. ,N/A,Atanasio  Panosopoulos - Trifon Stabropulos,N/A,,56275,56275,24660,21823,"There are two improvements on this parcel-change class to 10-9 salvage value. Change from $56,275 to 24,660. Salvage value applied to improvements, ratio corrected to 16%",N/A,N/A,FCV (54%) and LPV (62%) were both reduced,-0.56,-0.61,,,
1,1,1992,1/21/1991,102-01-038,LAS PALMAS,Commercial/Industrial,"I would like for somebody, anybody to explain to me how you can justify any increase in value on this property when it has been sitting vacant for one year with the exception of Halloween night 1190, when it was donated to the community. Deriving no income since I purchased the property. There have been no improvements what so ever (please review).",N/A,Dino Panousopouls,1025000,1025000,2248981,1330995,1076250,1076250,Improvement adjusted for a new value,N/A,Granted in Part,Very close to Granted in Full; (52% reduced on FCV / 19% reduced on LPV),-0.52,-0.19,Granted in Part,Granted in Part,
0,1,1995,1/24/1994,113-49-024-BO,NI P - 149 N FREEPORT DR (PALLETUSMEX),Commercial/Industrial ,"To level he 2.87 AC will cost aprox.  110,000 per which will make the land value for this area about $4.00 per sq. ft. No market for this price. ",N/A,Panousopoulos Constantine,N/A,N/A,122517,89657,N/C,N/C,No increase over last years full cash value,N/A,No change ,No Change,#VALUE!,#VALUE!,No Change or Worse,No Change or Worse,
1,1,1996,1/9/1995,105-20-008,CANYON HOUSE/RANCH HOUSE ,Submitted on residential petition form,"This and old house is big but with the room distubution cames very hard to make comparable with a well built new house of the same sq. ft. The bank value this house for $220,000",Market,Dino Panousopouls,200000,200000,453345,451533,276563,275458,40% incurable functional obsolescence allowed,R. Teran ,Granted in Part,Very close to Granted in Full; (39% reduced on FCV and on LPV),-0.39,-0.39,Granted in Part,Granted in Part,
1,1,1996,1/24/1995,101-43-108A,WS Apts,Rental,Very old apartments in need of repair. Rents are very low,Market,Dino Panousopouls,66922,66922,75741,73614,75741,73614,Full cash value comparable with similar properties in the area,N/A,No change,,0,0,No Change or Worse,No Change or Worse,
1,1,1996,1/24/1995,105-21-001,PK MCCOY -LUTERAN CHURCH,Rental ,This a very old house value not to increase 100% over one year,Market,Dino Panousopouls,42000,42000,61259,42540,44509,39930,Adjustment made to land value. Improvement lower than last year. ,N/A,Granted in part,Very close to Granted in Full; (27% reduced on FCV and 6% on LPV),-0.27,-0.06,Granted in Part,Granted in Part,
1,1,1996,1/25/1995,105-22-023,DRIVE INN,Vacant Land,Only about 4:00 AC are good half of the land cannot be used.  (remaining is not eligible),N/A,Dino Panousopouls,25000,25000,42722,31276,39204,33254,"Land values adjusted for 1995. Field check on 03/02/1995, improvement deleted from cost system. Usuage class changed on this parcel due to truck sales operating out of this parcel in a mobile home. ",N/A,Granted in part,Very limited reduction of 8% on FCV and no change on LPV (increase of 6.32%),-0.08,0.06,Granted in Part,Granted in Part,
1,1,1996,1/27/1995,102-01-038,LAS PALMAS,Commercial/Industrial,With the peso devaluation business are about to close rent reduce over 50% so they can stay open. Acres shown on notice of 14.01 is wrong is 9.30 acres,Market,Dino Panousopouls,1025000,1025000,1225787,1183875,1025000,1025000,Land area computed and changed from 14.01 to 9.43 acres as per legal description. Full cash value reduced to purchase price of parcel due to border economic conditions. ,N/A,Granted in full ,16% on FCV / 13% on LPV,-0.16,-0.13,Granted in Full,Granted in Full,
0,1,1997,4/12/1996,102-01-038,LAS PALMAS,Commercial/Industrial,No market for a big bag. Empty for almost 2 yrs nobody wants to rent. ,Market,Dino Panousopouls,1025000,1025000,700000,700000,No assessor's decision on form,No assessor's decision on form,N/A,Pablo Ramos ,No assessor's decision on form,No assessor's decision on form,#VALUE!,#VALUE!,No assessor's decision on form,No assessor's decision on form,
1,1,1998,4/28/1997,105-20-008,CANYON HOUSE/RANCH HOUSE ,N/A,"The house was updated in 1996. How can you increse the 10,000 in a 8 month period",Cost ,Dino Panousopouls,460000,363447,479379,363447,460000,358602,Improvement was upgraded in 1996. Adjustements were made in 1996. Agree with taxpayer. No chnages to improvements have been made since that time. ,Pablo A. Ramos ,Granted in full ,4% on FCV / 1% on LPV,-0.04,-0.01,Granted in Full,Granted in Full,
0,1,1998,10/23/1997,113-49-024-B,NI P - 149 N FREEPORT DR (PALLETUSMEX),Commercial/Industrial ,"Of the 2.87 Acres in the parcel only 5000 sq. ft. were used for the building (1786 sq. ft.) So we request 1. Leave 2.6 acres in parcel 024B 16% 2. Take .027 acres and building that cost $52,000 (since the offices were not build) and make another parcel 25%",N/A,Dino Panousopouls,N/A,N/A,N/A,N/A,No assessor's decision on form,No assessor's decision on form,"Assessors recommendation to change FCV from $193,455 to $177,708 Land $122,517 Improvements $55,191. (Nothing written in the value boxes, but values are then provided in the “basis for decision”)",N/A,"Granted In part (Nothing written in the value boxes, but values are then provided in the “basis for decision”)","8% on FCV (Nothing written in the value boxes, but values are then provided in the “basis for decision”)",#VALUE!,#VALUE!,"Granted in Part (Nothing written in the value boxes, but values are then provided in the “basis for decision”)",No assessor's decision on form,
1,1,1999,3/25/1998,105-20-008,CANYON HOUSE/RANCH HOUSE ,N/A,No appreciation - older home,N/A,Delta Properties LLP,460000,358602,498833,394462,460000,394462,"Improvement upgraded for 1997 tax year to 460,000 cganged full cash calue to 460,000. Value will stay at 460,000 for this year only.",Pablo A. Ramos ,Granted in Part ,8% on FCV / no change on LPV,-0.08,0,Granted in Part,Granted in Part,
1,1,1999,3/25/1998,105-21-001,PK MCCOY -LUTERAN CHURCH,Residential ,Older house without appreciation,N/A,Delta Properties LLP,44433,44433,74760,52015,47987,47987,"Changed full cash value to 47,987, to reflect market area average increase",Pablo A. Ramos ,Granted in part,Very close to Granted in Full; (36% reduced on FCV and 8% on LPV),-0.36,-0.08,Granted in Part,Granted in Part,
1,1,2000,4/21/1999,105-22-023,DRIVE INN,Vacant Land,"This is the Old Rancho drive-in is located in the flood way. Not in the flood zone. Only one acre is out of the flood way, and elevation mist be 7'00"" of",Market,Atanasio  Panosopoulos ,39204,39204,196020,78408,98010,53906,Land Value Changed due to floodway. ,N/A,Granted in part,Half-Way in between request and outcome (50% on FCV and 31% on LPV),-0.5,-0.31,Granted in Part,Granted in Part,
1,1,2000,5/1/2000,105-21-001,PK MCCOY -LUTERAN CHURCH,N/A,This property should be a mixed ratio 50% commercial and 50% residential. Please field check. Valuation should not increase 25% in one year!,Market,Delta Properties LLP,74496,54614,93106,64237,80745,61147,"Change FCV to 80,745 to reflect average increase & change usuage to 15% commercial & 50% residential for mixed ratios. ",Pablo A. Ramos ,Granted in part,Very limited reduction of 13% on FCV and 5% on LPV,-0.13,-0.05,Granted in Part,Granted in Part,
1,1,2004,4/9/2003,105-20-004,MORGAN,Commercial/Industrial,"No change to existing warehouse. Not all 23.62 acres are commercial, part is still vacant and not used as commercial. Please inspect for mixed ratio. ",Market/Cost,Delta Properties LLP,2400000,2400000,2812439,2649702,2600000,2600000,"11.34 AC at 16% and 11.34 AC at 25%. Change FCV to 2,600,000 to reflect market area, average increase for commercial property. ",Pablo A. Ramos ,Granted in Part,Very limited reduction of 8% on FCV and 2% on  LPV,-0.08,-0.02,Granted in Part,Granted in Part,
1,1,2004,4/9/2003,105-22-023,DRIVE INN,Vacant Land,"4.5 acres have no value. 100% in wetlands, therefore they have no market value. ",Market ,Delta Properties LLP,20000,20000,98010,88574,98010,88574,"No change. Valuation applicable to 4.5 acres at $21,780 per acre comparable to surrounding properties. ",N/A,No change,,0,0,No Change or Worse,No Change or Worse,
1,1,2005,4/23/2004,105-20-004,MORGAN,Commercial/Industrial,No sales of similar properties within the county to justify this increase. ,Market,Delta Properties LLP,2600000,2600000,2914473,2860000,2600000,2600000,"Change to last years value, agree with taxpayer. No comparable sales in market-area",Felipe Fuentes Jr. ,Granted in full ,11% on FCV / 9% on LPV,-0.11,-0.09,Granted in Full,Granted in Full,
1,1,2005,4/23/2004,105-22-023,DRIVE INN,Vacant Land,"Property located in floodway, 30% is in the wetlands which is restricted by the Federal government, the remaining property sits in the floodway. ",Market,Delta Properties LLP,30000,30000,98010,97431,49005,49005,"Adjusted land value due to flood way and topographic location, based on report provided by the Santa Cruz County Flood plain management. ",N/A,Granted in part,Half-Way in between request and outcome (50% on FCV and on LPV),-0.5,-0.5,Granted in Part,Granted in Part,
0,1,2006,4/27/2005,113-49-009E,UNABLE TO IDENTIFY ,Commercial/Industrial ,"All buildings in very poor condition, no insultaiton, minimal electrical, very hard to rent as distribution warehouses or proto warehouses. 113-49-009E minumum land is being used as commercial, total parcel size 13.61 acres: only 1 1/2 acres are being used as commercial, 5 acres approx. in flood zone. ",Market/Cost,Delta Properties LLP,N/A,N/A,N/A,N/A,No assessor's decision on form,No assessor's decision on form,N/A,N/A,No assessor's decision on form,No assessor's decision on form,#VALUE!,#VALUE!,No assessor's decision on form,No assessor's decision on form,
1,1,2006,4/27/2005,101-43-108A,WS Apts,Commercial/Industrial + Apartments,Hard to compete with new apt. complex that are in the Mariposa area. Value for older apts. Has depreciated,Market,Dino Panousopouls,80000,80000,113487,84733,80686,80686,Adjustment Improvement Due to Cost,N/A,Granted in Part,Very close to Granted in Full; off by $686; (29% reduced on FCV / 5% reduced on LPV),-0.29,-0.05,Granted in Part,Granted in Part,
1,1,2007,4/28/2006,103-23-265A,MONTE CARLO APTS,Rental Apartments ,"Apartment Complex sold for $700,000. Assessor is over 200,000",Market,Ma-thena Properties LLP,700000,700000,995640,767090,995640,767090,"No change. Sold for 900,000, property had assessors overide for 9 year normal increase. ",N/A,No change,N/A,0,0,No Change or Worse,No Change or Worse,
1,1,2008,4/27/2007,105-22-023,DRIVE INN,Commerical/Industrial,Warehouse sits on flood zone. Limited acess. Not being used for produce warehouse. Industrial distribution warehouse cannot compare to produce warehouses. 1/3 of land sits on flood way. Allow economic obsolecense due to location. Not all 9 acres are being used for commercial. ,Market,Delta Properties LLP,1500000,1500000,2208013,2166859,2208013,2166859,"No change, cost mehod valuation, a mix ratio is being used commercial/vacant. Topographical obsolescence has been applied to allow fro flood way. ",Pablo A. Ramos ,No change,N/A,0,0,No Change or Worse,No Change or Worse,
1,1,2009,4/16/2008,102-01-098D,VETERANS/SEPT'04,Commercial/Industrial,Mixed Ratio - Commercial in use is 25% - Remaining 75% is vacant. ,N/A,Delta Properties LLP,260000,260000,305072,292340,305071,305071,Applied mixed ration for 2009,N/A,Outcome of LPV rose by 4%. (Attorney note: Not sure why LPV rose after this petition.),N/A,0,0.04,No Change or Worse,No Change or Worse,
0,1,2011,4/26/2010,102-01-035N,1967 N. Grand ,Commercial/Industrial,Income to be submitted later. ,Market  Sales Approach,Theta Properties LLP,2874286,2874286,3338546,3161714,No assessor's decision on form,No assessor's decision on form,N/A,N/A,No assessor's decision on form,No assessor's decision on form,#VALUE!,#VALUE!,No assessor's decision on form,No assessor's decision on form,
1,1,2011,4/26/2010,113-49-019B,113-49-019B,N/A,N/A,Market Sales Approach,Delta Properties LLP,844443,844443,1156507,928887,952805,928887,Adjusted. The Full Cash Value has been adjusted as a result of a recent re-evaluation. An adjustement is warranted.  ,Miguel Carrillo,Granted in part ,Half-Way in between request and outcome (18% on FCV and no change on LPV),-0.18,0,Granted in Part,No Change or Worse,
1,1,2011,4/26/2010,113-46-051,La Quinta II Lot 1,N/A,N/A,Market Sales Approach,Delta Properties LLP,2442810,8442810,6187332,3378940,4274183,2900653,Adjusted. The full cash value has been adjusted as a result of a recent re-evaluation. An adjustment is warranted. ,Miguel Carrillo ,Granted in part ,30.92% on FCV and 14.15% on LPV,-0.31,-0.14,Granted in Part,Granted in Part,
1,1,2011,4/26/2010,105-26-034,PATE - 513 N VALLE VERDE DR,N/A,N/A,Market Sales Approach,Theta Properties LLP,229613,229613,377296,266534,242153,242153,Adjusted. The Full Cash Value has been adjusted as a result of a recent re-evaluation. An adjustment is warranted.                                                                           ,Miguel Carrillo,Granted in part ,35.82% on FCV and 9.15%  on LPV,-0.36,-0.09,Granted in Part,Granted in Part,
1,1,2011,4/26/2010,102-04-044C,MIP 111- 1441 N IND PRK DR,N/A,N/A,Market Sales Approach,Delta Properties LLP,583828,583828,650211,650211,562594,562594,The full cash value has been adjusted as a result of a recent re-evaluation. An adjustment is warranted. ,Miguel Carrillo,Granted in full ,13.47% on FCV / 12.39% on LPV,-0.13,-0.13,Granted in Full,Granted in Full,
1,1,2011,4/26/2010,102-04-048A,MIP II - 1140 W MARIPOSA IND PARK DR,N/A,N/A,Market Sales Approach,Delta Properties LLP,264906,264906,534979,332425,442066,309196,Adjusted. The full cashvalue has been adjusted as a result of a recent re-evaluation. An adjustment is warranted. ,Miguel Carrillo,Granted in part ,Very limited reduction of 17% on FCV and 7% on LPV,-0.17,-0.07,Granted in Part,Granted in Part,
1,1,2011,4/26/2010,102-04-043A,MIP 1-1481 N IND PK DR,N/A,N/A,Market Sales Approach ,Delta Properties LLP,692186,692186,862596,761405,735210,735210,Adjusted. The full cash value has been adjusted as a result of a recent re-evaluation. An adjustment is warranted. ,Miguel Carrillo,Granted in part ,Half-Way in between request and outcome (15% on FCV and 3%  on LPV),-0.15,-0.03,Granted in Part,Granted in Part,
1,1,2011,4/26/2010,102-04-024A,MIP II - 1200 W IND PK DR,N/A,N/A,Market Sales Approach ,Delta Properties LLP,1429984,1429984,1959324,1833654,1336784,1251044,Adjusted. The Full Cash Value has been adjusted as a result of a recent re-evaluation. An adjustment is warranted. Given economic obsolescence and vacancy.                                                                   ,Miguel Carrillo,Granted in full ,32% on FCV / 32% on LPV,-0.32,-0.32,Granted in Full,Granted in Full,
1,1,2011,4/26/2010,102-01-012A,UNABLE TO IDENTIFY ,N/A,N/A,Market Sales Approach ,Delta Properties LLP,1376232,1376232,1798120,1513855,1315207,1315207,"Adjusted. After futher review of additional information, a field visit and/or aerial image inspection of the area, it is determined that the land value is to be adjusted for topography, location, use and/or size consideration. ",Miguel A. Carrillo ,Granted in full ,25% on FCV / 11% on LPV,-0.27,-0.13,Granted in Full,Granted in Full,
1,1,2011,4/26/2010,102-04-019A,MIP 11 - 1150 N IND PK DR ,N/A,N/A,Market Sales Approach ,Delta Properties LLP,204309,204309,333215,236535,272842,224740,Adjusted. The Full Cash Value has been adjusted as a result of a recent re-evaluation. An adjustment is warranted.                                                                           ,Miguel Carrillo ,Granted in part ,Very limited reduction of 18% on FCV and 5% increase on LPV,-0.18,-0.05,Granted in Part,Granted in Part,
1,1,2011,4/26/2010,105-20-003,CANYON APTS -10 NJIKOS WAY,N/A,N/A,Market sales and cost approach,Delta Properties LLP,587888,587888,651597,646677,515632,515632,Adjusted. The full cash value has been adjusted as a result of a recent re-evaluation. An adjustment is warranted. ,Miguel Carrillo ,Granted in full ,21% on FCV / 20% on LPV,-0.21,-0.2,Granted in Full,Granted in Full,
1,1,2011,4/26/2010,113-46-038C,UNABLE TO IDENTIFY ,N/A,N/A,Market sales approach,Delta Properties LLP,291160,291160,428272,325438,378921,320276,Adjusted. The full cash value has been adjusted as a result of a recent re-evaluation. An adjustment is warranted. ,Miguel Carrillo ,Granted in part ,Very limited reduction of 12% on FCV and 2% increase on LPV,-0.12,-0.02,Granted in Part,Granted in Part,
1,1,2011,4/26/2010,113-49-019E,N I P - 225 N FREEPORT DR,N/A,N/A,Market sales approach,Delta Properties LLP,1130812,1130812,1518181,1187811,1130812,1130812,Adjusted. The full cash value has been adjusted as a result of a recent re-evaluation. An adjustment is warranted. ,Miguel Carrillo ,Granted in full ,26% for FCV and 5% for LPV,-0.26,-0.05,Granted in Full,Granted in Full,
1,1,2011,4/26/2010,113-49-019H,NIP - 165 N FREEPORT DR,N/A,N/A,Market sales approach,Delta Properties LLP,240074,240074,313404,264082,277586,264081,Adjusted. The full cash value has been adjusted as a result of a recent re-evaluation. An adjustment is warranted. ,Miguel Carrillo ,Granted in part ,Half-Way in between request and outcome (11% on FCV and  no change on LPV),-0.11,0,Granted in Part,No Change or Worse,
1,1,2011,4/26/2010,113-49-024A,NIP - 180 N FREEPORT DR,N/A,N/A,Market sales approach,Delta Properties LLP,334234,334234,412043,367658,341559,341559,Adjusted. The full cash value has been adjusted as a result of a recent re-evaluation. An adjustment is warranted. ,Miguel Carrillo ,Granted in Part,17% on FCV / 7% on LPV,-0.17,-0.07,Granted in Part,Granted in Part,
1,1,2011,4/26/2010,113-46-037A,MARIPOSA RANCH LOTG - 1590 W CALLE PLATA,N/A,N/A,Market sales approach,Delta Properties LLP,991774,991774,2188844,1291041,1428124,1100861,Adjusted. The full cash value has been adjusted as a result of a recent re-evaluation. An adjustment is warranted. ,Miguel Carrillo ,Granted in part ,Half-Way in between request and outcome (35% on FCV and  15% on LPV),-0.35,-0.15,Granted in Part,Granted in Part,
1,1,2011,4/26/2010,102-04-019B ,M IP 11 - 1144 WIND PK DR,N/A,N/A,Market sales approach,Delta Properties LLP,452796,452796,918098,859212,586957,549310,"Adjusted. After further review of additional information, a field visit and/or aerial image inspection of the area, it is determined that the land value is to be adjusted for topography, location, use and/or size considerations.",Miguel Carrillo ,Granted in part ,36% of FCV and LPV,-0.36,-0.36,Granted in Part,Granted in Part,
0,1,2011,4/26/2010,102-01-035N,1967 N. GRAND (LARRIVAS) LMP - 2031 N GRAND I,Commercial/Industrial,Market (Income to be submitted later.),Market sales approach ,Theta Properties LLP,2874286,2874286,3338546,3161714,No assessor's decision on form,No assessor's decision on form,No assessor's decision on form,N/A,No assessor's decision on form,No assessor's decision on form,#VALUE!,#VALUE!,No assessor's decision on form,No assessor's decision on form,
1,0,2011,4/26/2010,112-12-099B,TUBAC (EL MERCADO} 2261 E FRONTAGE RD,N/A,N/A,Market sales approach,Delta Properties LLP,424524,424524,524431,466977,461610,461610,Adjusted. The full cash value has been adjusted as a result of a recent re-evaluation. An adjustment is warranted. ,Miguel Carrillo ,Granted in part ,Half-Way in between request and outcome (12% on FCV and  1% on LPV),-0.12,-0.01,Granted in Part,Granted in Part,
0,1,2012,4/24/2011,102-01-098D,VETERANS/SEPT'04,N/A,"No buss. in Nogales can sale for 500,000 for lack of buss. This property is a self serve car wash value at 399,864 please review value",Market Sales Approach,Delta Properties LLP,300000,300000,399864,367965,No assessor's decision on form,No assessor's decision on form,N/A,N/A,N/A,N/A,#VALUE!,#VALUE!,No assessor's decision on form,No assessor's decision on form,
0,1,2012,4/24/2011,103-23-265A,MONTE CARLO APTS,N/A,Market Sales Approach (Location is number 1 reason for value. Vacancy rate apts. is over 50% due to location. ) ,N/A ,Ma-thena Properties LLP,800000,800000,900602,900602,No assessor's decision on form,No assessor's decision on form,N/A,N/A,No assessor's decision on form,No assessor's decision on form,#VALUE!,#VALUE!,No assessor's decision on form,No assessor's decision on form,
1,0,2012,4/30/2011,105-20-004,MORGAN,Commercial/Industrial,"New warehouse. No changes done to merit 143,000 increase in one year. No market to support the assessors increase. ",Market,Dino (Delta Properties LLP),2477450,2423987,2620819,2530773,2477450,2392330,Change full case value to previous years full cash value. No sales of comparable properties in market area. ,Pablo A Ramos. ,Granted in full ,5% on FCV / 5% on LPV,-0.05,-0.05,Granted in Full,Granted in Full,
1,1,2013,4/4/2012,113-46-051,La Quinta II Lot 1,N/A,N/A,Market Sales Approach,Delta Properties LLP,4000000,3568439,4404648,3568439,2623722,2623722,"Adjusted. After further review of additional information, a field visit and/or aerial image inspection of the area, it is determined that the land value is to be adjusted for topography, location, use and/or size considerations.",Miguel Carrillo ,Granted in full ,40% on FCV / 26% on LPV,-0.4,-0.26,Granted in Full,Granted in Full,
1,1,2013,4/4/2012,102-01-074,DEL TA PROP. LLP,N/A,N/A,Market Sales Approach / Income/Other,Delta Properties LLP,1800000,1800000,2377711,2377711,1812852,1812852,Adjusted. The current improvement value reflects depreciation for age and condition. ,Miguel Carrillo ,Granted in part ,Very close to Granted in Full; (24% reduced on FCV and on LPV),-0.24,-0.24,Granted in Part,Granted in Part,
1,1,2013,4/4/2012,102-01-089,RRR LOT C - 2047 OCEAN GARDEN DR,N/A,N/A,Market Sales Approach,Delta Properties LLP,300000,300000,363832,363832,282124,282124,Adjusted. The current improvement value reflects depreciation for age and condition. ,Miguel Carrillo,Granted in Par,22% on FCV / 22% on LPV,-0.22,-0.22,Granted in Full,Granted in Full,
1,1,2013,4/4/2012,102-04-048A,MIP II - 1140 W MARIPOSA IND PARK DR,N/A,N/A,Cost Approach / Income/Other,Delta Properties LLP,442066,399095,569139,399095,489094,489094,Adjusted. The full cash value has been adjusted for additional depreciation due to conditions unique to the subject property. ,Miguel Carrillo,Granted in part ,Very limited reduction of 14% on FCV and 18% increase on LPV,-0.14,0.23,Granted in Part,No Change or Worse,
1,1,2013,4/4/2012,102-06-036,UNABLE TO IDENTIFY ,N/A,N/A,Market Sales Approach,Delta Properties LLP,2800000,2800000,3473632,3473632,2735647,2735647,Adjusted. The Full Cash Value has been adjusted for additional depreciation due to conditions unique to the subject property. ,Miguel Carrillo,Granted in part ,Almost franted in full; 21% on FCV / 21% on LPV,-0.21,-0.21,Granted in Part,Granted in Part,
1,1,2013,4/4/2012,102-01-036B,2085 N GRAND/MINI STORAGE,N/A,N/A,Cost Approach,Delta Properties LLP,1250000,1250000,1444685,1444685,1214460,1214460,Adjusted. The current improvement value reflects depreciation for age and condition. ,Miguel A. Carrillo ,Granted in full ,16% on FCV / 16% on LPV,-0.16,-0.16,Granted in Full,Granted in Full,
1,0,2014,3/29/2013,107-78-094B,jWINDEMERE HOTEL,Commercial/Industrial,"Due to DPT of Defence changes, income was reduced in 2012 by 50% as compared to 2011. (attached) also, sales of properties for 2021 were reduced by almost 50%, from what they sold four years ago (attached). We listed the hotel at $5 million with a company in phoenix (attached). The only offer we have recieved wsa for $4 million with carry on financing (not allowed by mortgatge of $5.2). ",Market sales approach,Delta Properties LLP,4500000,4500000,6493000,6493000,4500000,4500000,See attached,Terry Anderson,Granted in full ,31% on FCV / 31% on LPV,-0.31,-0.31,Granted in Full,Granted in Full,
1,1,2014,4/25/2013,101-43-108A,WS Apts,Commercial/Industrial,No sales of apts. Similar to subject in the previous 5 yrs or more. Old apts with window and tooling. No control heat. Cheap rent most of the yr vacant due to economy. ,Market Sales Approach,Delta Properties LLP,90000,90000,122170,99444,90265,90265,The full cash value has been adjusted for additional depreciation due to conditions u to the subject property. ,Edmo Acuna,Granted in Part,Very close to Granted in Full; off by $265; (26.2% reduced on FCV / 10% reduced on LPV),-0.26,-0.09,Granted in Part,Granted in Part,
1,1,2014,4/25/2013,102-01-035N,1967 N. Grand ,Commercial/Industrial,Half empty for more than 2 yrs. How can this property increase very old plaza.,Market Sales Approach,Theta Properties LLP,1000000,1000000,2518111,2518111,1914889,1914889,Adjusted. The Full Cash Value has been adjusted for additional depreciation due to conditions unique to the subject property.,Miguel Carrillo,Granted in Part,23.95% on FCV and LCV  ,-0.24,-0.24,Granted in Part,Granted in Part,
1,1,2014,4/25/2013,103-23-265A,MONTE CARLO APTS,Commercial/Industrial,"Apartments at wrong location. Can't sell, can't rent. ",Market Sales Approach,Ma-thena Properties LLP,500000,500000,840176,840176,623568,623568,Adjusted. The Full Cash Value has been adjusted as a result of a recent re-evaluation. An adjustement is warranted.  ,Edmo Acuna,Granted in Part,Half-Way in between request and outcome (26% reducted on FCV and 26% on LPV),-0.26,-0.26,Granted in Part,Granted in Part,
1,1,2014,4/25/2013,105-22-023,DRIVE INN,Commercial/Industrial,"Building and land 100% on flood zone, can not be rebuilt in this property with neew fema laws. ",Market Sales Approach,Delta Properties LLP,2000000,2000000,2210673,2210673,2084760,2084760,Adjusted. The Full Cash Value has been adjusted for additional depreciation due to the subject property.,Miguel Carrillo,Granted in Part,5.69% on FCV and LPV ,-0.06,-0.06,Granted in Part,Granted in Part,
1,0,2014,4/25/2013,113-49-019B,113-49-019B,Commercial/Industrial ,"This is the old ind. Park with very old construction. Buildings are not to now building copes. Streets are in very bad shape minimum rent, wrong location. This building is due to some kind of economic break",Market,Delta Properties LLP,900000,900000,952805,952805,883328,883328,"Adjusted. The Full Cash Value has been adjusted for additional depreciation due to conditions unique to the subject property.  113-49-019E, 113-49-019H, 113-49024A & 13-49-024B Adjusted. The current improvement value reflects depreciation for age and condition. ",Miguel Carrillo,Granted in full ,25% on FCV / 7% on LPV,-0.07,-0.07,Granted in Full,Granted in Full,
1,1,2015,4/17/2014,113-46-051,La Quinta II Lot 1,N/A,N/A,Market Sales Approach,Delta Properties LLP,2623722,2623722,3027579,2754908,2623722,2623722,"Adjusted. After further review of additional information, a field visit and/or aerial image inspection of the area, it is determined tha the land value is to be adjusted for topography, location, use and/or size considerations. ",Miguel Carrillo ,Granted in full ,13% on FCV / 5% on LPV,-0.13,-0.05,Granted in Full,Granted in Full,
1,1,2015,4/17/2014,105-28-017A,VEGGIES - 270 W PRODUCE RD' POSIBL YA SELL ; $,N/A,N/A,N/A,Panousopoulos Constantine,300000,300000,344936,323560,236040,236040,Adjusted. Depreciation for age and condition. The current improvement value reflects depreciation for age and condition. ,Miguel Carrillo,Granted in full ,32% on FCV / 27% on LPV,-0.32,-0.27,Granted in Full,Granted in Full,
1,1,2015,4/17/2014,102-13-019A,BV HOUSE,N/A,N/A,Market Sales Approach,Panousopoulos Theodoro,190000,190000,221588,203643,200000,200000,FCV adjusted to conform with market. The Assessor's Full Cash Value has been adjusted to conform to current market values in the subject area. ,Edmo Acuna,Granted in part ,Half-Way in between request and outcome (10% on FCV and 2%  on LPV),-0.1,-0.02,Granted in Part,Granted in Part,
1,1,2015,4/17/2014,124-01-064,414 VIA CALANDRIA,N/A,N/A,N/A,Delta Properties LLP,140000,140000,184825,155099,145538,145538,Adjusted. Depreciation due to unique conditions. The Full Cash Value has been adjusted for additional depreciation due to conditions unique to the subject property. ,Miguel Carrillo,Granted in part ,Very close to Granted in Full; (21% reduced on FCV and 6% on LPV),-0.21,-0.06,Granted in Part,Granted in Part,
1,1,2015,4/17/2014,102-01-089,RRR LOT C - 2047 OCEAN GARDEN DR,N/A,N/A,Market Sales Approach,Delta Properties LLP,282000,282000,329402,329402,282124,282124,"FCV has been adjusted to reflect owners estimate. The Assessors Full Cash Value has been adjusted to reflect the owner's estimate of value per ARS42-16056.A. If the Assessor grans the requested relief, the Petitioner may not appeal the ruling. ",Miguel Carrillo,Granted in part ,Very close to Granted in Full; (14% reduced on FCV and on LPV),-0.14,-0.14,Granted in Part,Granted in Part,
1,1,2015,4/17/2014,102-04-048A,MIP II - 1140 W MARIPOSA IND PARK DR,N/A,N/A,Market Sales Approach,Delta Properties LLP,489000,489000,565084,437841,489094,437842,"Adjusted. FCV has been adjusted to reflect owner's estimate. The Assessor's Full Cash Value has been adjusted to reflect the owner's estimate of value per ARS42-16056.A. If the Assessor grants the requested relief, the Petitioner may bot appeal the ruling. ",Miguel Carrillo,Granted in full ,13% on FCV / no change on LPV,-0.13,0,Granted in Full,No Change or Worse,
1,1,2015,4/17/2014,102-06-036,UNABLE TO IDENTIFY ,N/A,N/A,Market Sales Approach,Delta Properties LLP,2000000,2000000,2807789,2807789,2807789,2807789,"No change. No longer the legal owner as of June 11, 2014 per reception Number 2014-3369.",Miguel Carrillo,No change,No change,0,0,No Change or Worse,No Change or Worse,
1,1,2015,4/17/2014,102-13-020,BV APTS · 311 N MCNAB DR,N/A,N/A,Market Sales Approach,Delta Properties LLP,900000,900000,975637,975637,975637,975637,No change. Fair and equitable. Property was reviewed. Property is valued fair and equitable. No change recommeneded. ,Miguel Carrillo,No change,No change,0,0,No Change or Worse,No Change or Worse,
1,1,2016,4/25/2015,102-04-044C,MIP 111- 1441 N IND PRK DR,N/A,"The oldest industrial park, very old building, not a good market for them or to be rented out, no reason for a increase (no comparable sales)",N/A,Delta Properties LLP,455000,455000,485017,478549,455879,455879,(See attached for further information),Miguel Carrillo,Granted in Part,Very close to Granted in Full; 6% on FCV and 5% on LPV,-0.06,-0.05,Granted in Part,Granted in Part,
1,1,2016,4/28/2015,105-20-010,PK FIELDS - OLD TUCSON HWY,N/A,"Same use for the past 26 yrs. Same improvements, no change, no reason for increase. ",N/A,Delta Properties LLP,120000,120000,223903,223095,223903,223095,No change. Current building costs and/or sales support the Assessors value. ,Sergio Corella,No change,No change,0,0,No Change or Worse,No Change or Worse,
1,1,2016,4/28/2015,105-28-017A,VEGGIES - 270 W PRODUCE RD' POSIBL YA SELL ;,Commercial/Industrial,"Very old house, lower roof line or interior wall height for better use has been empty for 2 yrs. No increase because no market with similar properties. ",N/A,Panousopoulos Constantine,247842,247842,286296,247842,254094,247842,The current improvement value reflects depreciation for age and condition.,Miguel Carrillo ,Granted in part ,13% on FCV / no change on LPV,-0.11,0,Granted in Part,No Change or Worse,
1,1,2016,4/28/2015,140-01-005,COMBATE (K&F)- 9 OJO CT,Commercial/Industrial,"This is not a produce warehouse, is not similar use of property. No sales. ",N/A,Theta Properties LLP,450000,450000,611945,433083,488994,433083,"After further review of additional information, a field visit and/or aerial image inspection of the area, it is determined that the land value is to be adjusted for topograpy, location, use and/or size considerations. ",Miguel Carrillo,Granted in part ,Very close to Granted in Full; (20% reduced on FCV and no change on LPV),-0.2,0,Granted in Part,No Change or Worse,
1,1,2016,4/28/2015,105-28-017A,VEGGIES - 270 W PRODUCE RD' POSIBL YA SELL ; $,Commercial/Industrial,"Very old warehouse, lower roof line or interior wall height for better use has been empty for 2 yrs. No increase because no market with similar properties. ",N/A,Panousopoulos Constantine,247842,247842,286296,247842,254094,247842,The current improvement value reflects depreciation for age and condition.,Miguel A. Carrillo ,Granted in part,11% on FCV / no change on LPV,-0.11,0,Granted in Part,No Change or Worse,
1,1,2016,4/28/2015,105-24-002,FLAGSTONE APTS/OFFICES 2841 N GRAND AVE,Commercial/Industrial,"Single bedroom apts. Old motel on flood zone, no market for this kind of property",N/A,Delta Properties LLP,344122,344122,365505,344122,365505,344122,Property was reviewed. Property is valued for and equitable. No change recommended. ,Miguel A. Carrillo ,No change,No change,0,0,No Change or Worse,No Change or Worse,
1,1,2016,4/28/2015,105-28-016,VOHLAND - 274 W PRODUCE ROW,Commercial/Industrial,"Very old warehouse, lower roof line or interior wall height for better use has been empty for 2 yrs. No increase because no market with similar properties. ",Market Sales Approach,Panousopoulos Constantine,383341,383341,451616,383341,406424,383341,The full cash value has been adjusted for additional depreciation due to conditions unique to the subject property. ,Miguel Carrillo,Granted in part ,Very limited reduction of 10% on FCV and no change on LPV,-0.1,0,Granted in Part,Granted in Part,
1,1,2016,4/28/2015,103-10-024A,K RANCH-870 N PERKINS AVE,Commercial/Industrial,"268 @ grazing for the past 26 yrs. No change on use of property, qualifies for grazing rate. No change to improvements",N/A,Delta Properties LLP,271941,271941,291632,285538,291632,285538,Property was reviewed. No change. Property is valued fair and equitable. Increase was due to market adjustment. Adjustements are needed to keepup with current market. ,Sergio Corella,No change,,0,0,No Change or Worse,No Change or Worse,
1,1,2016,4/28/2015,112-12-099B,UNABLE TO IDENTIFY ,Commercial/Industrial,"Mini market in the Tubac area not a super market no sale to compare. No similar properties have sold in the past 10 yrs. No reason for a 300,000 increase. ",Market Sales Approach,Delta Properties LLP,491114,491114,739133,419114,739133,419114,"No change. Property was reviewed. The increase in Full Cash Value resulted from an increase in land values, market, and construction costs. The assessor's full cash value is synonoymous with market value per ARS 42-11001(5). Sales of comparable properties support the assessors full cash value. No change recommended. ",Miguel A. Carrillo ,No change,No change,0,0,No Change or Worse,No Change or Worse,
1,1,2016,4/28/2015,113-45-165A,FAIRWAY-PROTECH/OCT'04 - 3975 FAIRWAY DR,Commercial/Industrial,Empty for 1 1/2 yrs. Manufucture warehouse. ,Market Sales Approach,Delta Properties LLP,812157,812157,840830,812157,813246,812157,The full cash value has been adjusted for additional depreciation due to conditions unique to the subject property. ,Miguel Carrillo,Granted in part ,Very limited reduction of 3% on FCV and no change on LPV,-0.03,0,Granted in Part,No Change or Worse,
1,1,2016,4/28/2015,105-26-034,PATE - 513 N VALLE VERDE DR,Commercial/Industrial,Office building @ 70% vacant even with lower. The monthly rent building next for sale and no offers of any price.,N/A,Theta Properties LLP,160000,160000,231201,151436,157228,151436,The full cash value has been adjusted for additional depreciation due to conditions unique to the subject property. ,Miguel Carrillo,Granted in part ,32% on FCV / no change on LPV,-0.32,0,Granted in Part,No Change or Worse,
1,1,2017,4/20/2016,105-20-010,PK FIELDS - OLD TUCSON HWY,N/A,N/A,N/A,Delta Properties LLP,300000,300000,489815,422346,489815,422347,The improvements are listed and graded in accordance with the in accordance with the Department of Revenue Guidelines and Directives. The improvements value is deemed appropriate and conforms to similar properties. No cost or market information was provided to substantiate your opinion of value. ,Luz V. Lopez,No change ,No Change,0,0,No Change or Worse,No Change or Worse,
1,1,2017,4/20/2016,105-21-001,PK MCCOY -LUTERAN CHURCH,N/A,"Old house @ sometime was used for office now cannot rent this building for office or resident has been vacant for over four years. No reason for an increase, no sales in the area. ",Market Sales Approach,Panousopoulos Scholastic Chari,74000,74000,96388,77758,96388,77759,The limited property value on your parcel has been reviewed. The Limited Property Value has been calculated pursuant to ARS 42-13301 (A). The Limited Property Value on your valuation is the valuation year plus five percent of that value. Limited Property Value shall not exceed the current Full Cash Value.,Miguel Carrillo,No change,No change,0,0,No Change or Worse,No Change or Worse,
1,1,2017,4/20/2016,102-06-017,130 W. WHITE RD./SONIC P 5/14/09,N/A,Vacant for five years (rented out for one year at a minimal rent). ,Market Sales Approach,Delta Properties LLP,300000,300000,325605,325605,293589,293589,The Full Cash Value has been adjusted for additional depreciation due to conditions unique to the subject property. ,Miguel Carrillo ,Granted in full ,10% on FCV / 10% on LPV,-0.1,-0.1,Granted in Full,Granted in Full,
1,1,2017,4/20/2016,105-20-009C,PK OLD HSE ' · 50 NIKOS WAY,N/A,"Old Pete Kitchen house, historical property, no change or improvements done. Does not merit an increase of 30,000 in one year. ",Market Sales Approach,Delta Properties LLP,112000,112000,145485,118064,121451,118064,The Full Cash Value has been adjusted for additional depreciation due to conditions unique to the subject property,Luz V. Lopez,Granted in part ,17% reduced on FCV and no change on LPV,-0.17,0,Granted in Part,No Change or Worse,
1,1,2017,4/20/2016,105-20-009K,CASITA PROKTER/NIKOS WAY,N/A,"This is the old procter home, it is about 80 years old, made of mud adobe, no change. Unfair increase of $12,000 in one year. ",Market Sales ,Delta Properties LLP,90000,90000,107604,94018,85277,85277,The Full Cash Value has been adjusted for additional depreciation due to conditions unique to subject property. ,Luz V. Lopez,Granted in full ,21% on FCV / 9% on LPV,-0.21,-0.09,Granted in Part,Granted in Part,
1,1,2017,4/20/2016,105-28-017A,VEGGIES - 270 W PRODUCE RD' POSIBL YA SELL ; $,N/A,"1/2 or more of the building sits on railroad property, the other 1/4 sits in the Nogales wash. 100% on flood way. ",Market Sales Approach ,Panousopoulos Constantine,200000,200000,254000,254094,237977,237977,"After further review of additional information, a field visit and/or aerial image inspection of the area, it is determined that the land value is to be adjusted for topograpy, location, use and/or size considerations. ",Miguel Carrillo,Granted in part ,Half-Way in between request and outcome (6% on FCV and on LPV),-0.06,-0.06,Granted in Part,Granted in Part,
1,1,2017,4/20/2016,105-24-002,FLAGSTONE APTS/OFFICES 2841 N GRAND AVE,N/A,Resturant closed or vacant for over one year. Studios are 50% vacant. No need or demand for studios in the Nogales area. ,Market Sales Approach ,Delta Properties LLP,300000,300000,412798,361329,412798,361329,Property was reviewed. Property is valued fair and equitable. No change recommended. ,Miguel Carrillo,No change,No change,0,0,No Change or Worse,No Change or Worse,
1,1,2017,4/20/2016,105-28-016,VOHLAND - 274 W PRODUCE ROW,N/A,"Half or more of the building sits on railroad property, the other 1/4 sits on the Nogales wash. 100% on flood way. ",Market Sales Approach,Panousopoulos Constantine,380000,380000,406424,402508,384644,384644,"After further review of additional information, a field visit and/or aerial image inspection of the area, it is determined that the land value is to be adjusted for topograpy, location, use and/or size considerations. ",Miguel Carrillo,Granted in part ,Very close to Granted in Full; (5% reduced on FCV and 4% on LPV),-0.05,-0.04,Granted in Part,Granted in Part,
1,1,2018,4/25/2017,102-01-038,LAS PALMAS,Commercial/Industrial,Some remodeling done to office area. The rest is the same - building is 40 years old. Building sits in the flood way on both sides - Monte Carlo wash and the Nogales wash. No market for produce warehouse - can't rent due to location. $3.1M value is not justified. ,Market Sales Approach,Delta Properties LLP,566000,566000,3168171,594524,3168171,594523,The limited property value on your parcel has been reviewed. The Limited Property Value has been calculated pursuant to ARS 42-13301 (A). The Limited Property Value on your valuation is the valuation year plus five percent of that value. Limited Property Value shall not exceed the current Full Cash Value. ,Miguel Carrillo,No change,No change,0,0,No Change or Worse,No Change or Worse,
1,1,2018,4/25/2017,105-20-004A,MORGAN,Commercial/Industrial,100% of property in flood way. Nogales wash and Potrero wash. ,Market Sales Approach,Delta Properties LLP,2500000,2500000,2632461,2632461,2542340,2542340,"After further review of additional information, a field visit and/or aerial image inspection of the area, it is determined that the land value is to be adjusted for topograpy, location, use and/or size considerations. ",Miguel A. Carrillo ,Granted in Part,Very limited reduction of 3% on FCV and  LPV,-0.03,-0.03,Granted in Part,Granted in Part,
1,1,2018,4/25/2017,105-20-010,PK FIELDS - OLD TUCSON HWY,Vacant Land,Vacant land - 30 acres or more are in the flood way. Half of the parcel not buildable at all. ,Market,Delta Properties LLP,422000,422000,650860,567090,650860,567090,Property was reviewed. Property is valued fair and equitable. No change recommended. ,Edmo Acuna,No change,No change,0,0,No Change or Worse,No Change or Worse,
1,1,2018,4/25/2017,113-45-367,MH - 1310 FAIRWAY ,Commercial/Industrial ,Very old building - 60 years old. It needs too much work - will cost $800k to be up to code. Empty for 12 years now it is 70% vacant. ,Market,Delta Properties LLP,1000000,1000000,1218170,1142784,1218170,1142784,No change. The limited property value on your parcel has been reviewed. The limited property value has been calculated pursuant to ARS 42-13301(A). The limited property value on your valuation is the limited property value of the property in the preceding year plus five percent of that value. Limited property value shall not exceed the current full cash value valuation. ,Miguel A. Carrillo ,No change,No change,0,0,No Change or Worse,No Change or Worse,
1,1,2018,4/25/2017,113-49-019B,N I P - 225 N FREEPORT DR {DAVIDS),Commercial/Industrial ,Very old warehouse with wood trusses - low wall height - very difficult to rent. Rents are at very low rate. Can't sell - no buyers for this type of buildings. ,Market Sales Approach,Delta Properties LLP,822000,822000,869501,863295,822185,822185,The full cash value has been adjusted for additional depreciation due to conditions unique to the subject property. ,Miguel A. Carrillo ,Granted in part ,Very close to Granted in Full; (5% reduced on FCV and on LPV),-0.05,-0.05,Granted in Part,Granted in Part,
1,1,2018,4/25/2017,113-49-024B,NI P - 149 N FREEPORT DR (PALLETUSMEX),Commercial/Industrial ,Very old warehouse with wood trusses - low wall height - very difficult to rent. Rents are at very low rate. Can't sell - no buyers for this type of buildings. ,Market Sales Approach,Delta Properties LLP,2394000,2394000,5087517,2514397,5087517,2514398,The limited property value on your parcel has been reviewed. The Limited Property Value has been calculated pursuant to ARS 42-13301 (A). The Limited Property Value on your valuation is the valuation year plus five percent of that value. Limited Property ,Miguel A. Carrillo ,No change,No change,0,0,No Change or Worse,No Change or Worse,
1,1,2018,4/25/2017,113-46-051,La Quinta II Lot 1,Commercial/industrial,100% of warehouse is in flood way. Now at 50% vacancy. Very hard to sell or rent. ,Market Sales Approach,Delta Properties LLP,2600000,2600000,3027579,2754908,2623722,2623722,Property was reviewed. An adjustment is warranted. Return to prior year valuation per ARS 42-16002.,Miguel A. Carrillo ,Granted in part ,Very close to Granted in Full; (13% reduced on FCV and 5% on LPV),-0.13,-0.05,Granted in Part,Granted in Part,
1,1,2018,4/25/2017,105-20-010,PK FIELDS - OLD TUCSON HWY,Vacant land,Vacant land - 30 acres or more are in the flood way. Half of the parcel not buildable at all. ,Market Sales Approach,Delta Properties LLP,422000,422000,650860,567090,650860,567090,Property was reviewed. Property is valued fair and equitable. No change recommended. ,Edmo Acuna,No change,No change,0,0,No Change or Worse,No Change or Worse,
1,1,2018,4/25/2017,102-01-074C,DEL TA PROP. LLP,Commercial/Industrial,Shopping center at 33% vacancy due to economic distress in the Nogales area and 40% of property in sales. ,Market Sales Approach ,Delta Properties LLP,3000000,3000000,3367273,3253919,3129585,3129585,The Full Cash Value has been adjusted for additional depreciation due to conditions unique to the subject property. ,Miguel A. Carrillo ,Granted in part ,Half-Way in between request and outcome (7% on FCV and 4% on LPV),-0.07,-0.04,Granted in Part,Granted in Part,
1,1,2018,4/25/2017,105-24-002,FLAGSTONE APTS/OFFICES 2841 N GRAND AVE,Other - Motel ,old motel - in the flood plain. Used for studios - rent comes with utilites. Based on what can this property increase in value?,Market Sales Approach ,Delta Properties LLP,400000,400000,465854,379397,428922,379397,The Full Cash Value has been adjusted for additional depreciation due to conditions unique to the subject property. ,Miguel A. Carrillo ,Granted in part ,Half-Way in between request and outcome (8% on FCV and no change on LPV),-0.08,0,Granted in Part,No Change or Worse,
1,1,2018,4/25/2017,103-10-024A,K RANCH-870 N PERKINS AVE,Agricultural,Most of the parcel use is for grazing. Houses are very old. No sales/ No rents (no increase),Market Sales Approach,Delta Properties LLP,250000,250000,344978,291389,291389,291389,The current improvement value reflects depreciation for age and condition.,Edmo Acuna,Granted in part ,Very limited reduction of 16% on FCV and no change on LPV,-0.16,0,Granted in Part,No Change or Worse,
1,1,2018,4/25/2017,113-45-165A,FAIRWAY-PROTECH/OCT'04 - 3975 FAIRWAY DR,Commercial/Industrial,old manufacturing warehouse. Rents have not increased in the past 7 years. Low rent to keep occupied. ,Market Sales Approach,Delta Properties LLP,813000,813000,869966,853908,813246,813246,Property was reviewed. An adjustment is warranted. Return to prior year valuation per ARS 42-16002.,Miguel A. Carrillo ,Granted in part ,Very close to Granted in Full: 7% reduction on FCV and 5% on LPV,-0.07,-0.05,Granted in Part,Granted in Part,
1,1,2018,4/25/2017,102-04-052,MIP IV - 1171 INDUSTRIAL PARK,Commercial/Industrial,Old warehouse in use for distribution of dry goods - not a produce warehouse. ,Market Sales Approach ,Delta Properties LLP,537000,537000,589358,564731,537839,537839,The Full Cash Value has been adjusted for additional depreciation due to conditions unique to the subect property. ,Miguel A. Carrillo ,Granted in part ,Very close to Granted in Full; (9% reduced on FCV and 5% on LPV),-0.09,-0.05,Granted in Part,Granted in Part,
1,1,2018,4/25/2017,102-04-043A,MIP 1-1481 N IND PK DR,Commercial/Industrial,Very old warehouse in the wrong location. Low rent - has not increased for the past 3 years. ,Market Sales Approach ,Delta Properties LLP,612000,612000,670575,643610,612692,612692,The Full Cash Value has been adjusted for additional depreciation due to conditions unique to the subject property. ,Miguel A. Carrillo ,Granted in part ,Very close to Granted in Full; (9% reduced on FCV and 5% on LPV),-0.09,-0.05,Granted in Part,Granted in Part,
1,1,2018,4/25/2017,102-04-024A,MIP II - 1200 W IND PK DR,Commercial/Industrial,Very old warehouse in the wrong location. Low rent - has not increased for the past 3 years. ,Market Sales Approach ,Delta Properties LLP,1300000,1300000,1409094,1409094,1349038,1349038,The Full Cash Value has been adjusted for additional depreciation due to conditions unique to the subject property. ,Miguel A. Carrillo ,Granted in part ,Half-Way in between request and outcome (4% on FCV and   on LPV),-0.04,-0.04,Granted in Part,Granted in Part,
1,1,2018,4/25/2017,113-49-019E,N I P - 92 N FREEPORT DR,Commercial/Industrial,Very old warehouse with wood trusses - low wall height - very difficult to rent. Rents are at very low rate. Can't sell - no buyers for this type of buildings. ,Market Sales Approach ,Delta Properties LLP,1000000,1000000,1072844,1058379,1072844,1058379,Property was reviewed. Property is valued fair and equitable. No change recommended. Already given economic obsolescence. ,Miguel A. Carrillo ,No change ,No change ,0,0,No Change or Worse,No Change or Worse,
1,1,2018,4/25/2017,113-49-019G,NIP - 150 FREEPORT DR,Commercial/Industrial,Very old warehouse with wood trusses - low wall height - very difficult to rent. Rents are at very low rate. Can't sell - no buyers for this type of buildings. ,Market Sales Approach ,Delta Properties LLP,329000,329000,346809,346291,329636,329636,The full cash value has been adjusted for additional depreciation due to conditions unique to the subject property. Given economic obsolescence.  ,Miguel A. Carrillo ,Granted in part ,Very close to Granted in Full; (5% reduced on FCV and on LPV),-0.05,-0.05,Granted in Part,Granted in Part,
1,1,2018,4/25/2017,103-06-007,ESCALADNOASIS,Agricultural,Grazing for the Escalada Cattle Co.  - part of the Escalada Ranch. Lease in Assessors file,Market Sales Approach ,Delta Properties LLP,4379,4379,4379,4169,4379,4169,"After further review it has been determined that the petitioned parcels are being utilized for agriculutral purposes, and all requirements have been met. Agricultural status will be granted at the agricultural per acre value for that area and/or use. ",Edmo Acuna,No change,No change,0,0,No Change or Worse,No Change or Worse,
1,1,2018,4/25/2017,105-21-001,PK MCCOY -LUTERAN CHURCH,Residential ,Old big house with no insulation. Cannot be rented as a house - cannot be rented for office. It is being used by non-profit organization (Luteran Church).,Market Sales Approach,Panousopoulos Scholastic Chari,77000,77000,98149,81646,98149,81646,The limited property value on your parcel has been reviewed. The Limited Property Value has been calculated pursuant to ARS 42-13301 (A). The Limited Property Value on your valuation is the valuation year plus five percent of that value. Limited Property ,Miguel A. Carrillo ,No change,No change,0,0,No Change or Worse,No Change or Worse,
1,1,2019,4/16/2018,113-49-024B,NI P - 149 N FREEPORT DR (PALLETUSMEX),Commercial/Industrial ,Front building in 80% vacant - vacant for the past three years. No market for small warehouse ,Market Sales Approach,Delta Properties LLP,5000000,2514398,5139195,2640118,5113508,2640118,The full cash value has been adjusted as a result of a recent re-evaluation. An adjustment is warranted. Adjusted improvement No. 1 LPV increased only 5%. Based on A.R.S. 4-13301(A),Miguel A. Carrillo ,No change,No change,0,0,No Change or Worse,No Change or Worse,
1,1,2019,4/16/2018,113-49-013B,UNABLE TO IDENTIFY ,Commercial/industrial,"No market, no sales, to any sinulae properties in area. No reason for a $270k increase to property. No improvements to building or changes in area to merit the incease. ",Market Sales Approach,Delta Properties LLP,5100000,5100000,5837707,5548440,5243490,5243490,Change. The full cash value has been adjusted as a result of a recent re-evaluation. An adjustment is warranted. ,Miguel A. Carrillo ,Granted in part ,Very close to Granted in Full; (10% reduced on FCV and 5% on LPV),-0.1,-0.05,Granted in Part,Granted in Part,
1,1,2019,4/16/2018,105-28-017A,VEGGIES - 270 W PRODUCE RD' POSIBL YA SELL ; $,Commercial/Industrial,3/4 of property on railroad. We pay rent to railroad. Warehouse has been vacant for two years. No offers whatsoever have been made. (not produce warehouse),Market Sales Approach ,Panousopoulos Constantine,250000,250000,287758,249876,253651,249876,"After further review of additional information, a field visit and/or aerial image inspection of the area, it is determined that the land value is to be adjusted for topograpy, location, use and/or size considerations. ",Miguel A. Carrillo ,Granted in part ,Very close to Granted in Full; (12% reduced on FCV and 0% on LPV),-0.12,0,Granted in Part,No Change or Worse,
1,1,2019,4/16/2018,105-28-016,VOHLAND - 274 W PRODUCE ROW,Commercial/Industrial,"3/4 of building is on railroad property. We pay rent to railroad. Building leased to food bank (non-profit) low rent, check maps please",Market Sales Approach,Panousopoulos Constantine,300000,300000,423405,404065,350497,350497,"After further review of additional information, a field visit and/or aerial image inspection of the area, it is determined that the land value is to be adjusted for topograpy, location, use and/or size considerations. ",Miguel A. Carrillo ,Granted in part ,Half-Way in between request and outcome (17% on FCV and 13%  on LPV),-0.17,-0.13,Granted in Part,Granted in Part,
1,1,2020,4/17/2019,105-20-004A,MORGAN,Commercial/Industrial,Warehouse sits in flood way. When this warehouse was built it was in flood zone and it is now in the flood way. Market for buildings sit in flood way. Do not increase due to liability. No reason for increase. ,Market,Delta Properties LLP,2500000,2500000,3541823,2669457,2457654,2457654,"After further review of additional information, a field visit and/or aerial image inspection of the area, it is determined that the land value is to be adjusted for topograpy, location, use and/or size considerations. ",Miguel A. Carrillo ,Granted in full ,31% on FCV / 8% on LPV,-0.31,-0.08,Granted in Full,Granted in Full,
1,1,2020,4/17/2019,105-22-023,DRIVE INN,Commerical/Industrial,Property in flood as per flood control. No wits in flood way even with a 4' dock. No increase on value. ,Market,Delta Properties LLP,2300000,2300000,2929400,2413370,2202386,2202386,"After further review of additional information, a field visit and/or aerial image inspection of the area, it is determined that the land value is to be adjusted for topograpy, location, use and/or size considerations. ",Miguel A. Carrillo ,Granted in full ,25% on FCV / 9% on LPV,-0.25,-0.09,Granted in Full,Granted in Full,
1,1,2020,4/17/2019,113-45-367,MH - 1310 FAIRWAY ,Commercial/Industrial ,Four years empty. As per ADQ lots are not testing inside warehouse (57 holes to be drilled). No rents,Market,Delta Properties LLP,800000,800000,1269646,1259919,880657,880657,The full cash value has been adjusted for additional depreciation due to conditions u to the subject property. Applying functional obsolescence.,Miguel A. Carrillo ,Granted in part ,Very close to Granted in Full; (30% reduced on FCV and on LPV),-0.31,-0.3,Granted in Part,Granted in Part,
1,1,2020,4/17/2019,112-46-011,UNABLE TO IDENTIFY ,Vacant Land,Vacant land used part of the D-bar Lazy Y Ranch for many years,Market Sales Approach,Delta Properties LLP,20000,20000,56782,56782,56782,56782,No change. No cost or market information was provided to substantiate your opinion on value. ,Edmo Acuna ,No change,No change,0,0,No Change or Worse,No Change or Worse,
1,1,2020,4/17/2019,113-46-051,La Quinta II Lot 1,Commercial/industrial,"No reason for an increase on full cash value due to no sales or any comprables. This building sits on the flood plane and insurance cost is over $35,000 per year. No bank will finance ",Market Sales Approach,Delta Properties LLP,2500000,2500000,3027579,2754908,2624633,2624633,The full cash value has been adjusted for additional depreciation due to conditions unique to the subject property. ,Miguel A. Carrillo ,Granted in part ,Very close to Granted in Full; (13% reduced on FCV and 5% on LPV),-0.13,-0.05,Granted in Part,Granted in Part,
1,1,2020,4/17/2019,105-28-017B,VEGGIES - 270 W PRODUCE RD' POSIBL YA SELL ;,Vacant Land,Lot I pie shape. Most of the lot is in Rail Road right of way. The other half of the lot is in the Nogales Wash. Not a builable lot at all. No value - wrong purchase. ,Market Sales / Cost Approach,Delta Properties LLP,2500,2500,16988,16988,8494,8494,Market Value is basis for the assessors's valuation. Adjustments are initiated by the Assessor to reflect the range of sales identified within general market areas. Properties under appeal provide an opportunity for an additional analysis of relevant sales. Subsequent to this futher review of comparative sales an adjustment was initiated to reflect current market value at this location. ,Edmo Acuna,Granted in part ,Half-Way in between request and outcome (50% on FCV and on LPV),-0.5,-0.5,Granted in Part,Granted in Part,
1,1,2020,4/17/2019,105-20-009K,CASITA PROKTER/NIKOS WAY,Other : Residential,Class is owner occupied by part of the family. This house is not for rent - ratio is at 10% - same as land ,Market Sales Approach ,Delta Properties LLP,80000,80000,100599,94018,89867,89867,The full cash value has been adjusted as a result of a recent re-evaluation. It is determined that the assessment ratio is to be adjusted based on occupancy. ,Edmo Acuna,Granted in part ,Very limited reduction of 11% on FCV and 4% on LPV,-0.11,-0.04,Granted in Part,Granted in Part,
1,1,2020,4/17/2019,102-01-074,DEL TA PROP. LLP,Commercial/Industrial,Very old hotel. Not all rooms are open for rent. Now restaurant and bar are closed. Vacancy is more than 60%. Cannot compete with new hotels in the area. New hotels are large franchise hotels. ,Market Sales Approach ,Theta Properties LLP,1500000,1500000,2453874,1549399,1767458,1549399,The full cash value has been adjusted for additional depreciation due to conditions unique to the subject property. Given economic obsolescence. Limited property value increased 5% based on ARS 42-13301 (A). ,Miguel A. Carrillo ,Granted in part ,Very close to Granted in Full; (28% reduced on FCV),-0.28,0,Granted in Part,No Change or Worse,
1,1,2020,4/17/2019,140-01-005,COMBATE (K&F)- 9 OJO CT,Commercial/Industrial,Obsolete building. Building is empty - there is no dock and cannot be used to produce warehouse or any other use. ,Market Sales Approach ,Delta Properties LLP,300000,300000,549040,513444,383855,383855,The full cash value has been adjusted for additional depreciation due to conditions unique to the subject property. Given vacancy obsolescence. ,Miguel A. Carrillo ,Granted in part ,Very close to Granted in Full; (30% reduced on FCV and 25% on LPV),-0.3,-0.25,Granted in Part,Granted in Part,
0,0,2020,4/17/2019,112-44-497,UNABLE TO IDENTIFY ,Vacant land,"No water lines, no sewer lines and no electrical services available on property. A development plan must be approved through planning & zoning and realty board as well as meet all the Mac standards. No comprables - only original price of $700 per lot ",Market sales approach,Delta Properties LLP,700,700,16520,16520,N/A,N/A,N/A,N/A,N/A,,#VALUE!,#VALUE!,,,
1,1,2021,2/24/2020,112-46-011,UNABLE TO IDENTIFY ,Agricultural,Both parcels grazing,N/A,Delta Properties LLP,57093,57093,122853,122853,57093,57093,After further review it has been determined that the petitioned parcels are not being utilized for agricultural purposes and/or all requirements have not been met. No change recommended. ,Edmo Acuna ,Granted in full ,53.52% for FCV a LPV,-0.54,-0.54,Granted in Full,Granted in Full,
1,1,2021,2/24/2020,102-01-074B,LOMA LINDA MALL LLC,N/A,As per attached info - loss of rents due to economic obsolence and covid19,N/A,Loma Linda (signed by Dino),3794699,3794699,4743374,4523767,3817008,3817008,The Full Cash Value has been adjusted for additional depreciation due to conditions unique to the subject property. Given economic obsolescence.,Miguel A. Carrillo ,Granted in part ,Very close to Granted in Full; (20% reduced on FCV and 16% on LPV),-0.2,-0.16,Granted in Part,Granted in Part,
1,1,2021,2/24/2020,102-01-074,DEL TA PROP. LLP,N/A,Restaurant closed - Bar closed. Hotel rooms (stolo rented) out of 117 (10% occupancy),N/A,Delta Properties LLP,1253476,1253476,1790681,1626869,1475618,1475618,The Full Cash Value has been adjusted for additional depreciation due to conditions unique to the subject property. Given economic obsolescence. ,Miguel A. Carrillo ,Granted in part ,Half-Way in between request and outcome (18% on FCV and 9% on LPV),-0.18,-0.09,Granted in Part,Granted in Part,
1,1,2021,2/24/2020,124-03-034,462 AVENIDA DEL PAPALOTE,N/A ,High vacany - lower rates. No justification for increase ,Market Sales Approach ,Delta Properties LLP,725786,647301,786887,647301,725786,647301,See attached for more information,Miguel A. Carrillo ,Granted in full ,7.76% on FCV,-0.08,0,Granted in Full,Granted in Full,
1,1,2021,2/24/2020,102-01-036B,2085 N GRAND/MINI STORAGE,N/A,"No changes, lower occupancy. Same rent rates. ",N/A,Delta Properties LLP,1212625,1212625,1247987,1247987,1147831,1147831,The full cash value has been adjusted for additional depreciation due to conditions unique to the subject property. Given vacancy obsolescence. ,Miguel A. Carrillo ,Granted in full ,8% on FCV / 8% on LPV,-0.08,-0.08,Granted in Full,Granted in Full,
0,1,2021,4/22/2020,113-49-026B,BARRON NIP 100 ACRES,N/A,15 acres split for comercial remaining 85 acres stays grazing ,N/A,Delta Properties LLP,N/A,N/A,N/A,N/A,3379764,3379764,Due to Market Adjustments already applied to the subject property. No further adjustments are necessary. ,Edmo Acuna,N/A,N/A,#VALUE!,#VALUE!,Unclear because no owners opinion of value or notice value listed on form. ,Unclear because no owners opinion of value or notice value listed on form. ,
1,1,2021,4/24/2020,102-01-038,LAS PALMAS,N/A,60 year old building in flood plane. Very little income due to economic obsolescence. ,N/A,Delta Properties LLP,3298144,655461,3437243,688234,3437243,688234,No change. The limited property value on your parcel has been reviewed. Th elimited property value has been calculated pursuant to ARS 42-13301(A). The limited property value on your valuation is the limited property value of the property in the preceding valuation year plus five percent of that value. Limited property value shall not exceed the current full cash value. ,Miguel Carrillo,No change,No change,0,0,No Change or Worse,No Change or Worse,
0,0,2021,4/24/2020,113-49-019B,N I P - 225 N FREEPORT DR {DAVIDS),N/A,Economic obsolecence. Warehouses affected by border problems. Tenants are not paying the rent. Asking for reductions and terms. No increase is justified. ,N/A,Delta Properties LLP,867960,863295,892194,892194,8321429,8315720,The full cash value has been adjusted for additional depreciation due to conditions unique to the subject property. Applying vacancy obsolescence. ,Miguel A. Carrillo ,Granted in part ,Very close to Granted in Full; (3% reduced on FCV and on LPV),8.33,8.32,Granted in Part,Granted in Part,
1,1,2021,4/24/2020,114-50-012,RIO RICO PLAZA ,N/A,No rent increase also 2 spaces rented to non-profits with church paying little rent and museum none,N/A,Delta Properties LLP,1413095,1337071,1555757,1472058,1413095,1337071,The Full Cash Value has been adjsuted for additional depreciation due to conditions unique to the subject property. Applying vacancy obsolescence. ,Miguel A. Carrillo ,Granted in full ,N/A,-0.09,-0.09,Granted in Full,Granted in Full,
1,1,2021,4/24/2020,113-49-013B,UNABLE TO IDENTIFY ,N/A,Construction cost was lower. High vacancy on smaller units. ,Cost Approach,Delta Properties LLP,5522479,5298598,5736152,5563528,5544753,5544753,The full cash value has been adjusted for additional depreciation due to conditions unique to the subject property. ,Miguel A. Carrillo ,Granted in part ,Half-Way in between request and outcome (3% on FCV and .003%on LPV),-0.03,0,Granted in Part,Granted in Part,
1,1,2021,4/24/2020,105-28-016,VOHLAND - 274 W PRODUCE ROW,N/A,60 year old warehouses in flood plane. 50% railroad owned. We pay rent monthly. One was vacant for three years. The other occupied by food bank. (economic obsolecence),Other,Delta Properties LLP,298028,298028,646342,634356,334161,334161,The full cash value has been adjusted for additional depreciation due to conditions unique to the subject property. Applying economic obsolescence. ,Miguel A. Carrillo ,Granted in part ,Very close to Granted in Full; (48.29% reduced on FCV and 47.32 % on LPV),-0.48,-0.47,Granted in Part,Granted in Part,
1,1,2021,4/24/2020,102-01-038,LAS PALMAS/MERCADO - 2050 N SMOKEY LN,N/A,60 year old building in flood plane. Very little income due to economic obsolescence. ,N/A,Delta Properties LLP,3298144,655461,3437243,688234,3437243,688234,No change. The limited property value on your parcel has been reviewed. The limited property value has been calculated pursuant to ARS 42-13301(A). The limited property value on your valuation is the limited property value of the property in the preceding valuation year plus five percent of that value. Limited Property Value shall not exceed the current Full Cash Value. ,Miguel A. Carrillo ,No change ,No change ,0,0,No Change or Worse,No Change or Worse,
1,1,2022,3/26/2021,105-20-004,MORGAN,Commercial/Industrial,Warehouse sits on floodway. No improvements can be made due to fema restrictions. Flood insurance is required. Very hard to sell. No reason for full cash value increase. ,Market,Delta Properties LLP,2400000,2400000,2593973,2580537,2413027,2413027,"After further review of additional information, a field visit and/or aerial image inspection of the area, it is determined that the land value is to be adjusted for topograpy, location, use and/or size considerations. ",Miguel A. Carrillo ,Granted in part,Very close to Granted in Full; (7% reduced on FCV / 6% reduced on LPV),-0.07,-0.06,Granted in Part,Granted in Part,
1,1,2022,3/26/2021,113-45-367,MH - 1310 FAIRWAY ,Commercial/Industrial ,Very old warehouse - not a produce type warehouse. It is a manfacture warehouse. Empty for many years very hard to lease due to unique design. No comprables to support increase. ,Market,Delta Properties LLP,500000,500000,922249,922249,699858,699858,The full cash value has been adjusted for additional depreciation due to conditions unique to the subject property. ,Miguel A. Carrillo ,Granted in part ,Half-Way in between request and outcome (24% on FCV and on LPV),-0.24,-0.24,Granted in Part,Granted in Part,
1,1,2022,3/26/2021,102-01-074B,LOMA LINDA MALL LLC,Commercial/Industrial,Economic obsolecense for Covid-19 rent adjustment - no rent for one year. Also adjustment justified due to store vacancies. ,Market Sales Approach ,Loma Linda Mall LLC,3400000,3400000,3817008,3817008,3541005,3541005,The full cash value has been adjusted for additional depreciation due to conditions unique to the subject property. Applying vacancy obsolescence. ,Miguel A. Carrillo ,Granted in part ,Very close to Granted in Full; (7% reduced on FCV and on LPV),-0.07,-0.07,Granted in Part,Granted in Part,
1,1,2022,3/26/2021,102-01-074C,DEL TA PROP. LLP,Commercial/Industrial,Economic obsolecense for Covid-19 rent adjustment - no rent for one year. Also adjustment justified due to store vacancies. ,Market Sales Approach ,Delta Properties LLP,2300000,2300000,2752118,2752118,2469030,2469030,The full cash value has been adjusted for additional depreciation due to conditions unique to the subject property. ,Miguel A. Carrillo ,Granted in part ,Half-Way in between request and outcome (10% on FCV and on LPV),-0.1,-0.1,Granted in Part,Granted in Part,
1,1,2022,3/26/2021,105-20-004A,MORGAN · 30 OLD TUCSON RD,Commercial/Industrial,Warehouse sits on floodway. No improvements can be made due to fema restrictions. Flood insurance is required. Very hard to sell. No reason for full cash value increase. ,Market Sales Approach ,Delta Properties LLP,2400000,2400000,2593973,2580537,2413027,2413027,"After further review of additional information, a field visit and/or aerial image inspection of the area, it is determined that the land value is to be adjusted for topograpy, location, use and/or size considerations. ",Miguel A. Carrillo ,Granted in part ,Very close to Granted in Full; (7% reduced on FCV and 6% on LPV),-0.07,-0.06,Granted in Part,Granted in Part,
1,1,2022,3/26/2021,102-01-034B,SANCHEZ 156 W MARIPOSA RD,Commercial/Industrial,Economic obsolecense for covid-19 rent adjustment - no rent for one year ,Market Sales Approach ,Delta Properties LLP,360000,360000,470821,470821,411501,395485,The Full Cash Value has been adjusted as a result of a recent re-evaluation. An adjustment is warranted. ,Miguel A. Carrillo ,Granted in part ,Half-Way in between request and outcome (13% on FCV and  16% on LPV),-0.13,-0.16,Granted in Part,Granted in Part,
1,1,2022,3/26/2021,102-01-074C,DEL TA PROP. LLP,Commercial/Industrial,Economic obsolecense for Covid-19 rent adjustment - no rent for one year. Also adjustment justified due to store vacancies. ,Market Sales Approach ,Delta Properties LLP,2300000,2300000,2752118,2752118,2469030,2469030,The Full Cash Value has been adjusted for additional depreciation due to conditions unique to the subject property.,Miguel A. Carrillo ,Granted in part ,10% on FCV and on LPV,-0.1,-0.1,Granted in Part,Granted in Part,
0,1,2022,4/8/2021,102-01-035,1967 N. Grand ,Commercial/Industrial,Several charter schools. Did not operate all years $ paid lesser rents,Income Approach,Delta Properties LLP,3800000,3800000,4304383,4304383,N/A,N/A,N/A,N/A,N/A,N/A,#VALUE!,#VALUE!,N/A,N/A,
1,1,2022,4/8/2021,103-23-265A,MONTE CARLO APTS,Commercial/Industrial,Apartment rentals value reduced due to Covid-19 & non payment of rents. ,Income ,Ma-thena Properties LLP,560000,560000,671524,671524,568693,568693,The Full Cash Value has been adjsuted as a result of a recent re-evaluation. An adjustment is warranted. Applying vacancy obsolescence.  ,Miguel A. Carrillo ,Granted in part,Very close to Granted in Full; (15% reduced on FCV and reduced on LPV),-0.15,-0.15,Granted in Part,Granted in Part,
0,0,2022,4/8/2021,105-20-008,CANYON HOUSE/RANCH HOUSE ,Commercial/Industrial,Older house next to a built famuly (old apartment buildings) value has decreased,Market Sales Approach,Delta Properties LLP,400000,400000,446499,446499,682423,446499,N/A,N/A,No change ,,0.53,0,No Change or Worse,No Change or Worse,
1,0,2022,4/8/2021,113-49-013B,UNABLE TO IDENTIFY ,Commercial/industrial,Lower values due to border closing and rent discounts,Income Approach,Delta Properties LLP,4250000,4250000,5544753,5544753,5544753,5544753,N/A,N/A,No change,,0,0,No Change or Worse,No Change or Worse,
1,0,2022,4/8/2021,105-20-010,PK FIELDS - OLD TUCSON HWY,Commercial/industrial,This increase is not justified. No improvements. Same old house.,Income Approach,Delta Properties LLP,600000,600000,942687,689302,942687,689302,N/A,N/A,No change,,0,0,No Change or Worse,No Change or Worse,
1,0,2022,4/8/2021,113-38-019A,300 OLD TUCSON RD,Commercial/Industrial,covid-19 related problems - value dud not increase devalue due to border closing,Income Approach,Delta Properties LLP,4500000,4500000,4907812,4907812,4907812,4907812,N/A,N/A,No change,,0,0,No Change or Worse,No Change or Worse,
1,0,2022,4/8/2021,113-38-019B,300 OLD TUCSON RD,Commercial/Industrial,covid-19 related problems - value dud not increase devalue due to border closing,Income Approach,Delta Properties LLP,4500000,4500000,4907812,4907812,4907812,4907812,N/A,N/A,No change,,0,0,No Change or Worse,No Change or Worse,
1,0,2022,4/8/2021,102-06-018,120 W. WHITE RD./CRISPY F. P.2/17/09,Commercial/Industrial,Resturant closed for over a year. Value should be decreased. ,Income Approach,Delta Properties LLP,250000,250000,362346,362346,362346,362346,N/A,N/A,No change,,0,0,No Change or Worse,No Change or Worse,
1,0,2022,4/8/2021,102-06-017,130 W. WHITE RD./SONIC P 5/14/09,Commercial/Industrial,Restaurant closed for over a year. Value should be decreased. ,Income Approach,Delta Properties LLP,250000,250000,311656,309420,311656,309420,N/A,N/A,No change,,0,0,No Change or Worse,No Change or Worse,
1,0,2022,4/8/2021,105-20-009C,PK OLD HSE ' · 50 NIKOS WAY,Commercial/Industrial,A 200 year house & storage used also for worker housing. Both together worth less than shown on value,Income Approach,Delta Properties LLP,215000,215000,463790,441516,463790,441516,N/A,N/A,No change,,0,0,No Change or Worse,No Change or Worse,
1,1,2022,4/8/2021,102-01-012A,UNABLE TO IDENTIFY ,Commercial/Industrial,Building 50% closed for all of last year without income covid-19 related,Income Approach,Delta Properties LLP,1250000,1250000,1412938,1412938,1282815,1282815,The full cash value has been adjusted for additional depreciation due to conditions unique to the subject property. Applying economic obsolescence. ,Miguel A. Carrillo ,Granted in part ,9% on FCV / 13% on LPV,-0.09,-0.09,Granted in Part,Granted in Part,
1,1,2022,4/8/2021,105-22-008D,BATTING CAGES/MH NORTHCROSS· ADDED 1.30.1,Commercial/Industrial,100% closed for all of 2020 $ 2021 due to covid-19. No income,Income Approach,Delta Properties LLP,125000,125000,197467,197467,166833,166833,The Full Cash Value has been adjusted for additional depreciation due to conditions unique to the subject property. Applying more economic obsolescence.,Miguel A. Carrillo ,Granted in part ,16% on FCV / 16% on LPV,-0.16,-0.16,Granted in Part,Granted in Part,
1,0,2022,4/8/2021,112-12-099B,TUBAC (EL MERCADO} 2261 E FRONTAGE RD,Commercial/Industrial,Retail Store in Tubac. Very few sales behind in rent due to lack of tourist. ,Income Approach,Delta Properties LLP,480000,480000,805398,561654,805398,561654,N/A,N/A,No change,,0,0,No Change or Worse,No Change or Worse,
1,1,2021,2/24/2020,113-49-024B,NI P - 149 N FREEPORT DR (PALLETUSMEX),N/A,Costruction cost was 4 million. No rent increase in 4 years. ,Cost ,Delta Properties LLP,4000000,2772124,5575546,2910730,5575546,2910730,The limited property value on your parcel has been reviewed. The Limited Property Value has been calculated pursuant to ARS 42-13301 (A). The Limited Property Value on your valuation is the valuation year plus five percent of that value. Limited Property ,Edmo Acuna,No change,No change.,0,0,No Change or Worse,No Change or Worse,
1,0,2020,Not listed,102-01-035,1967 N. Grand ,Commercial/Industrial,Many flood issues with this property. 80% rented to educational entities. Minimum rent - no market for education campus due to design of buildings. ,Market,Theta Properties LLP,4000000,4000000,4494595,4473078,4151825,4151825,The full cash value has been adjusted for additional description due to conditions unique to the subject property. ,Miguel Carrillo,Granted in Part,Very limited reduction of FCV (8%) / 7% decrease on LPV,-0.08,-0.07,Granted in Part,Granted in Part,
